index,Brand,Model,Type,Gender,Size,Color,Material,Price (USD),Number of Items Sold,Selling Price,City
0,Nike,Air Jordan 1,Basketball,Men,US 10,Red/Black,Leather,$170.00 ,18,$209.99,Bari
1,Adidas,Ultra Boost 21,Running,Men,US 9.5,Black,Primeknit,$180.00 ,14,$259.99,Catania
2,Reebok,Classic Leather,Casual,Men,US 11,White,Leather,$75.00 ,20,$99.99,Turin
3,Converse,Chuck Taylor,Casual,Women,US 8,Navy,Canvas,$55.00 ,73,$239.99,Turin
4,Puma,Future Rider,Lifestyle,Women,US 7.5,Pink,Mesh,$80.00 ,78,$279.99,Turin
5,Vans,Old Skool,Skate,Men,US 8.5,Black/White,Suede/Canvas,$65.00 ,65,$99.99,Genoa
6,New Balance,990v5,Running,Women,US 6.5,Grey,Suede/Mesh,$175.00 ,17,$219.99,Naples
7,Asics,Gel-Kayano 28,Running,Men,US 10.5,Blue,Mesh,$160.00 ,61,$239.99,Genoa
8,Fila,Disruptor II,Fashion,Women,US 9,White,Leather/Synthetic,$65.00 ,29,$99.99,Naples
9,Skechers,Go Run Razor 3,Running,Men,US 9,Black,Mesh,$110.00 ,59,$249.99,Naples
10,Nike,Air Max 270,Running,Women,US 7,Pink,Mesh,$150.00 ,51,$169.99,Bari
11,Adidas,Stan Smith,Casual,Men,US 9,White/Green,Leather,$80.00 ,62,$209.99,Milan
12,Reebok,Club C 85,Casual,Women,US 8.5,Pink,Leather,$70.00 ,58,$209.99,Rome
13,Converse,One Star,Skate,Men,US 10,Black,Suede,$75.00 ,18,$119.99,Catania
14,Puma,RS-Fast,Lifestyle,Men,US 9.5,Yellow,Leather/Synthetic,$110.00 ,29,$229.99,Milan
15,Vans,Authentic,Skate,Women,US 6,White,Canvas,$50.00 ,72,$129.99,Catania
16,New Balance,Fresh Foam 1080v11,Running,Men,US 11.5,Blue,Mesh,$150.00 ,77,$219.99,Catania
17,Asics,Gel-Nimbus 23,Running,Women,US 8,Purple,Mesh,$150.00 ,99,$249.99,Naples
18,Fila,Ray Tracer,Fashion,Men,US 10,Black,Synthetic,$70.00 ,4,$149.99,Florence
19,Skechers,Arch Fit,Walking,Women,US 7.5,Grey,Mesh,$70.00 ,2,$259.99,Florence
20,Nike,Air Force 1,Casual,Men,US 10,White,Leather,$90.00 ,13,$219.99,Turin
21,Adidas,NMD_R1,Running,Women,US 8.5,Black/Pink,Primeknit,$140.00 ,93,$249.99,Florence
22,Reebok,Zig Kinetica II,Running,Men,US 11,White,Mesh,$120.00 ,26,$189.99,Catania
23,Converse,Jack Purcell,Casual,Women,US 7.5,Navy,Canvas,$65.00 ,49,$259.99,Palermo
24,Puma,Calibrate Runner,Running,Men,US 9.5,Black,Mesh,$80.00 ,58,$119.99,Genoa
25,Vans,Sk8-Hi,Skate,Women,US 8,Black/White,Suede/Canvas,$70.00 ,47,$239.99,Catania
26,New Balance,327,Lifestyle,Men,US 10,Blue/Orange,Suede/Mesh,$90.00 ,32,$179.99,Milan
27,Asics,Gel-Quantum 180,Running,Women,US 9,Grey,Mesh/Synthetic,$120.00 ,5,$209.99,Milan
28,Fila,Mindblower,Fashion,Men,US 8.5,White,Leather/Synthetic,$75.00 ,27,$259.99,Florence
29,Skechers,D'Lites,Walking,Women,US 7,Black,Synthetic,$65.00 ,30,$159.99,Naples
30,Nike,Air Max 2090,Running,Men,US 9,Grey,Mesh,$150.00 ,77,$179.99,Turin
31,Adidas,Adizero Adios 5,Running,Women,US 7.5,Blue,Mesh,$170.00 ,86,$279.99,Bari
32,Reebok,Nano 9,Cross-training,Men,US 10,Black,Mesh/Synthetic,$130.00 ,23,$249.99,Bari
33,Converse,Chuck 70,Casual,Women,US 9,Pink,Canvas,$85.00 ,16,$169.99,Florence
34,Puma,Future Rider Play,Lifestyle,Men,US 9,Black/Red,Synthetic,$90.00 ,79,$139.99,Palermo
35,Vans,Slip-On,Skate,Women,US 7,Checkered,Canvas,$50.00 ,80,$229.99,Bologna
36,New Balance,574,Casual,Men,US 9,Black/Grey,Suede/Textile,$80.00 ,90,$199.99,Florence
37,Asics,Gel-Kayano 27,Running,Women,US 8.5,Purple,Mesh/Synthetic,$160.00 ,21,$259.99,Bologna
38,Fila,Venom,Fashion,Men,US 9.5,White/Red,Leather/Synthetic,$65.00 ,71,$129.99,Bologna
39,Skechers,Go Walk 5,Walking,Women,US 7.5,Black,Mesh,$60.00 ,45,$209.99,Turin
40,Nike,Air Force 1,Casual,Men,US 11,White,Leather,$90.00 ,99,$149.99,Genoa
41,Adidas,NMD_R1,Running,Women,US 9,Black,Knit,$140.00 ,32,$179.99,Palermo
42,Reebok,Zig Kinetica II,Running,Men,US 9.5,White,Mesh,$120.00 ,47,$239.99,Palermo
43,Converse,Jack Purcell,Casual,Men,US 10,White,Canvas,$65.00 ,26,$129.99,Genoa
44,Puma,Suede Classic,Casual,Women,US 8.5,Beige,Suede,$65.00 ,70,$129.99,Milan
45,Vans,Sk8-Hi,Skate,Men,US 8,Black/White,Suede/Canvas,$70.00 ,40,$269.99,Bari
46,New Balance,327,Casual,Women,US 7.5,Orange,Suede/Mesh,$100.00 ,76,$279.99,Bari
47,Asics,Gel-Kayano 28,Running,Women,US 7,White,Mesh,$160.00 ,57,$239.99,Florence
48,Fila,Original Fitness,Casual,Men,US 11,White/Navy,Leather,$70.00 ,5,$249.99,Turin
49,Skechers,Go Walk 5,Walking,Women,US 8,Black,Mesh,$60.00 ,23,$79.99,Genoa
50,Nike,Free RN 5.0,Running,Men,US 10,Grey,Mesh,$100.00 ,22,$239.99,Bari
51,Adidas,Adilette Cloudfoam,Slides,Women,US 6,Black,Synthetic,$35.00 ,74,$289.99,Bari
52,Reebok,Nano 9,Crossfit,Men,US 10.5,Black,Mesh,$130.00 ,28,$209.99,Palermo
53,Converse,Chuck 70,Casual,Women,US 7.5,Pink,Canvas,$85.00 ,98,$109.99,Naples
54,Puma,Clyde All Pro,Basketball,Men,US 9.5,Black/Red,Leather,$130.00 ,33,$289.99,Florence
55,Vans,Era,Skate,Women,US 6.5,White,Canvas,$55.00 ,1,$89.99,Naples
56,New Balance,Fresh Foam More v2,Running,Men,US 12,Black/Grey,Mesh,$165.00 ,22,$189.99,Milan
57,Asics,GT-2000 10,Running,Women,US 7,Blue,Mesh,$120.00 ,71,$289.99,Rome
58,Fila,Mindblower,Casual,Men,US 9.5,White/Blue,Leather/Synthetic,$75.00 ,83,$189.99,Milan
59,Skechers,Dynamight 2.0,Training,Women,US 9,Black,Mesh,$50.00 ,14,$259.99,Catania
60,Nike,Air Force 1,Basketball,Men,US 11,White,Leather,$90.00 ,44,$169.99,Bologna
61,Adidas,NMD_R1,Lifestyle,Women,US 7,Pink,Primeknit,$130.00 ,57,$189.99,Bari
62,Reebok,Nano X1,Training,Men,US 9,Black,Knit,$130.00 ,100,$259.99,Palermo
63,Converse,Chuck 70,Casual,Women,US 8.5,Yellow,Canvas,$85.00 ,8,$249.99,Milan
64,Puma,Clyde All-Pro,Basketball,Men,US 10,Red,Leather,$130.00 ,68,$189.99,Bari
65,Vans,Sk8-Hi,Skate,Women,US 7,Black,Suede,$70.00 ,46,$189.99,Bologna
66,New Balance,Fresh Foam 1080v11,Running,Women,US 8,Green,Mesh,$150.00 ,5,$249.99,Bari
67,Asics,Gel-Quantum 360,Running,Men,US 11,Blue,Mesh,$170.00 ,11,$239.99,Palermo
68,Fila,D-Formation,Casual,Women,US 8.5,White,Leather,$65.00 ,76,$219.99,Bologna
69,Skechers,Max Cushioning,Running,Men,US 8.5,Black,Mesh,$90.00 ,54,$259.99,Bologna
70,Nike,Air Max 90,Lifestyle,Women,US 6,Grey,Leather,$120.00 ,13,$189.99,Bari
71,Adidas,Yeezy Boost 350,Lifestyle,Men,US 10,Black,Primeknit,$220.00 ,35,$259.99,Bari
72,Reebok,Classic Nylon,Casual,Women,US 7.5,Pink,Nylon,$65.00 ,60,$79.99,Catania
73,Converse,Jack Purcell,Casual,Men,US 9,White,Canvas,$65.00 ,37,$129.99,Turin
74,Puma,Calibrate Runner,Running,Women,US 9,Grey,Mesh,$120.00 ,84,$159.99,Bari
75,Vans,Era,Skate,Men,US 9.5,Red,Canvas,$50.00 ,91,$79.99,Florence
76,New Balance,FuelCell Echo,Running,Women,US 7,Pink,Mesh,$100.00 ,57,$119.99,Catania
77,Asics,GT-2000 9,Running,Men,US 10.5,Black,Mesh,$120.00 ,13,$149.99,Genoa
78,Fila,Original Fitness,Casual,Women,US 7,White,Leather,$60.00 ,59,$129.99,Palermo
79,Skechers,Elite Flex,Walking,Men,US 10,Navy,Mesh,$65.00 ,37,$259.99,Genoa
80,Nike,Blazer Low,Lifestyle,Women,US 7.5,White,Leather,$85.00 ,38,$109.99,Bologna
81,Nike,Air Force 1,Basketball,Men,US 10,White,Leather,$90.00 ,69,$269.99,Florence
82,Adidas,NMD_R1,Lifestyle,Men,US 8.5,Black,Primeknit,$140.00 ,40,$289.99,Genoa
83,Reebok,Nano X1,Training,Women,US 7.5,Grey,Flexweave,$130.00 ,53,$239.99,Bari
84,Converse,Jack Purcell,Casual,Men,US 9,White,Canvas,$65.00 ,74,$199.99,Catania
85,Puma,Clyde All-Pro,Basketball,Men,US 11,Red/White,Leather,$120.00 ,16,$139.99,Bologna
86,Vans,SK8-Hi,Skate,Women,US 6,Black,Suede/Canvas,$70.00 ,10,$219.99,Naples
87,New Balance,574,Casual,Men,US 10,Navy,Suede/Mesh,$80.00 ,18,$109.99,Genoa
88,Asics,Gel-Lyte III NS,Casual,Women,US 8,Pink,Mesh,$100.00 ,49,$279.99,Rome
89,Fila,Mindblower,Fashion,Men,US 9.5,White,Leather/Synthetic,$75.00 ,63,$239.99,Florence
90,Skechers,Max Cushioning,Running,Women,US 7,Black,Mesh,$75.00 ,34,$249.99,Genoa
91,Nike,React Infinity Run Flyknit 2,Running,Men,US 9.5,Blue,Flyknit,$160.00 ,63,$299.99,Florence
92,Adidas,Harden Stepback,Basketball,Men,US 12,Grey,Synthetic,$80.00 ,75,$229.99,Bologna
93,Reebok,Classic Nylon,Casual,Women,US 7.5,Black,Nylon,$65.00 ,28,$299.99,Naples
94,Converse,Chuck 70,Casual,Men,US 8,Yellow,Canvas,$85.00 ,63,$229.99,Rome
95,Puma,Calibrate Runner,Running,Men,US 10.5,Black/Yellow,Mesh,$80.00 ,34,$99.99,Bologna
96,Vans,Era,Skate,Women,US 7,Green,Canvas,$55.00 ,57,$269.99,Naples
97,New Balance,FuelCell Propel V3,Running,Women,US 6.5,Purple,Mesh,$100.00 ,24,$159.99,Bologna
98,Asics,Gel-Kayano 28 Lite-Show,Running,Men,US 11,Black,Mesh,$170.00 ,31,$259.99,Rome
99,Fila,Trailblazer,Fashion,Women,US 8,White/Pink,Leather,$65.00 ,88,$279.99,Naples
100,Skechers,Summits - Quick Getaway,Walking,Men,US 9,Grey,Mesh,$60.00 ,27,$269.99,Milan
101,Nike,Air Zoom Tempo NEXT% FlyEase,Running,Women,US 8.5,White,Mesh,$200.00 ,39,$259.99,Turin
102,Nike,React Infinity Run 2,Running,Women,US 7.5,Grey,Mesh,$160.00 ,23,$179.99,Bologna
103,Adidas,Superstar,Casual,Men,US 8.5,Black/White,Leather,$80.00 ,81,$229.99,Catania
104,Reebok,Zig Kinetica Horizon,Running,Women,US 6.5,Blue,Mesh,$120.00 ,89,$229.99,Catania
105,Converse,Chuck 70,Casual,Men,US 9,White,Canvas,$85.00 ,37,$119.99,Rome
106,Puma,Cali Sport,Lifestyle,Women,US 9.5,White,Leather,$90.00 ,74,$299.99,Catania
107,Vans,Sk8-Hi,Skate,Men,US 10,Black/White,Suede/Canvas,$70.00 ,71,$279.99,Palermo
108,New Balance,990v5,Running,Men,US 9.5,Grey,Suede/Mesh,$175.00 ,11,$249.99,Genoa
109,Asics,Gel-Venture 8,Trail,Women,US 8.5,Blue,Mesh,$70.00 ,80,$199.99,Bari
110,Fila,Mindblower,Fashion,Men,US 11,White,Synthetic,$75.00 ,56,$299.99,Bari
111,Skechers,Go Run Mojo,Running,Women,US 7,Black,Mesh,$60.00 ,44,$169.99,Catania
112,Nike,Air Zoom Pegasus 38,Running,Men,US 11,Black,Mesh,$120.00 ,66,$219.99,Palermo
113,Adidas,Ultraboost 5.0 DNA,Running,Women,US 8.5,Grey,Primeknit,$180.00 ,28,$299.99,Bari
114,Reebok,Classic Leather Legacy,Casual,Men,US 9.5,White,Leather,$80.00 ,39,$239.99,Florence
115,Converse,Jack Purcell,Casual,Women,US 6,Navy,Canvas,$65.00 ,15,$139.99,Bari
116,Puma,RS-Fast Tech,Lifestyle,Men,US 9.5,Black/Red,Synthetic,$110.00 ,29,$199.99,Genoa
117,Vans,Era,Skate,Women,US 7.5,Black/White,Canvas,$50.00 ,62,$89.99,Genoa
118,New Balance,Fresh Foam Roav,Running,Men,US 10,Red,Mesh,$80.00 ,27,$219.99,Florence
119,Asics,GT-2000 10,Running,Women,US 9,Black,Mesh,$120.00 ,57,$229.99,Bari
120,Fila,Original Fitness,Fashion,Men,US 10,White,Leather,$60.00 ,65,$259.99,Catania
121,Skechers,Max Cushioning Elite,Walking,Women,US 8,Navy,Mesh,$80.00 ,58,$259.99,Naples
122,Nike,Air Force 1 '07,Basketball,Men,US 11,White,Leather,$90.00 ,11,$219.99,Rome
123,Adidas,NMD_R1,Running,Women,US 8,Pink,Primeknit,$140.00 ,31,$249.99,Palermo
124,Reebok,Nano 9,Training,Men,US 9.5,Black/White,Mesh,$130.00 ,78,$149.99,Bologna
125,Converse,Jack Purcell,Casual,Women,US 7.5,White,Canvas,$65.00 ,95,$289.99,Turin
126,Puma,Calibrate Runner,Running,Men,US 10,Black/Grey,Mesh/Synthetic,$90.00 ,65,$159.99,Bari
127,Vans,Sk8-Hi,Skate,Women,US 9,Black/White,Canvas,$65.00 ,23,$249.99,Rome
128,New Balance,FuelCell Rebel v2,Running,Men,US 9.5,Blue/White,Mesh,$130.00 ,77,$249.99,Genoa
129,Asics,Gel-Kinsei OG,Running,Women,US 7.5,White/Grey,Mesh/Leather,$180.00 ,63,$289.99,Naples
130,Fila,Spaghetti,Fashion,Men,US 8,White/Navy,Leather/Synthetic,$65.00 ,82,$209.99,Palermo
131,Skechers,Go Walk 5,Walking,Women,US 6.5,Black,Mesh,$60.00 ,85,$229.99,Genoa
132,Nike,ZoomX Invincible Run,Running,Men,US 11,Black,Mesh/Synthetic,$180.00 ,31,$209.99,Florence
133,Adidas,Ultraboost DNA,Running,Women,US 8,Grey,Primeknit,$180.00 ,46,$289.99,Catania
134,Reebok,Classic Nylon,Casual,Men,US 10.5,Black,Nylon,$60.00 ,45,$289.99,Milan
135,Converse,Run Star Hike,Casual,Women,US 8,Cream,Canvas,$110.00 ,81,$179.99,Florence
136,Puma,Suede Classic+,Casual,Men,US 8,Red/White,Suede,$65.00 ,60,$99.99,Florence
137,Vans,Era,Skate,Women,US 7.5,Green,Canvas,$50.00 ,49,$229.99,Bologna
138,New Balance,Fresh Foam More v3,Running,Men,US 11,Black/Grey,Mesh/Synthetic,$165.00 ,98,$249.99,Turin
139,Asics,Gel-Quantum 90 3,Running,Women,US 9,Pink,Mesh/Synthetic,$90.00 ,65,$149.99,Catania
140,Fila,Original Fitness,Casual,Men,US 9.5,White/Navy/Red,Leather,$60.00 ,32,$139.99,Florence
141,Skechers,Go Run Mojo Pep,Running,Women,US 8.5,Black/White,Mesh,$55 ,75,$249.99,Milan
142,Nike,Air Force 1,Casual,Men,US 11,White,Leather,$90.00 ,70,$129.99,Genoa
143,Adidas,NMD_R1,Running,Women,US 8.5,Pink,Primeknit,$130.00 ,67,$189.99,Turin
144,Reebok,Zig Kinetica II,Running,Men,US 9,Blue,Mesh,$120.00 ,20,$299.99,Bologna
145,Converse,Chuck 70,Casual,Women,US 7,Black,Canvas,$85.00 ,70,$219.99,Genoa
146,Puma,Clyde All-Pro,Basketball,Men,US 10,White,Leather,$130.00 ,70,$189.99,Bari
147,Vans,Sk8-Hi,Skate,Women,US 9,Black/White,Suede/Canvas,$65.00 ,95,$129.99,Rome
148,New Balance,574 Classic,Casual,Men,US 10.5,Grey,Suede/Mesh,$80.00 ,73,$279.99,Bari
149,Asics,Gel-Quantum 90 3,Running,Women,US 7.5,Black,Mesh,$70.00 ,68,$279.99,Turin
150,Fila,Mindblower,Fashion,Men,US 11,Grey,Leather/Synthetic,$75.00 ,54,$249.99,Genoa
151,Skechers,Max Cushioning Premier,Running,Women,US 7.5,Pink,Mesh,$90.00 ,63,$289.99,Bologna
152,Nike,Blazer Mid '77,Casual,Men,US 9.5,White,Leather,$100.00 ,27,$199.99,Naples
153,Adidas,Superstar,Casual,Women,US 7.5,Black/White,Leather,$85.00 ,36,$119.99,Genoa
154,Reebok,DMX Thrill,Running,Men,US 10,Black,Mesh,$70.00 ,59,$209.99,Naples
155,Converse,Jack Purcell,Casual,Women,US 8.5,White,Canvas,$65.00 ,94,$229.99,Florence
156,Puma,Calibrate Runner,Running,Men,US 9.5,Black/Yellow,Mesh,$140.00 ,5,$159.99,Palermo
157,Vans,Slip-On,Skate,Women,US 6.5,Checkered,Canvas,$50.00 ,30,$199.99,Catania
158,New Balance,Fresh Foam Beacon V3,Running,Men,US 11,Blue,Mesh,$120.00 ,9,$259.99,Milan
159,Asics,Gel-Venture 8,Trail,Women,US 9.5,Grey,Mesh,$70.00 ,3,$129.99,Naples
160,Fila,F-13,Fashion,Men,US 10,White,Leather,$70.00 ,43,$279.99,Bologna
161,Skechers,Equalizer 4.0,Training,Women,US 8.5,Black,Mesh,$65.00 ,58,$119.99,Catania
162,Nike,KD13,Basketball,Men,US 11,Blue,Mesh,$150.00 ,2,$159.99,Catania
163,Nike,React Infinity Run Flyknit 2,Running,Women,US 9.5,Black/White,Flyknit,$160.00 ,17,$229.99,Florence
164,Adidas,NMD_R1,Lifestyle,Men,US 11.5,Grey,Primeknit,$140.00 ,68,$189.99,Florence
165,Reebok,Aztrek 96,Casual,Women,US 8.5,Yellow/Black,Leather/Synthetic,$90.00 ,84,$299.99,Florence
166,Converse,Jack Purcell,Casual,Men,US 9,Navy/White,Canvas,$70.00 ,24,$119.99,Florence
167,Puma,Calibrate Runner,Running,Men,US 10,Black,Mesh,$100.00 ,72,$219.99,Bologna
168,Vans,Sk8-Hi,Skate,Women,US 7.5,Black/White,Suede/Canvas,$65.00 ,50,$249.99,Rome
169,New Balance,327,Casual,Men,US 10,Green,Suede/Leather,$90.00 ,72,$179.99,Bologna
170,Asics,GT-2000 10,Running,Women,US 8,Blue,Mesh,$120.00 ,56,$159.99,Naples
171,Fila,Trailblazer,Fashion,Men,US 9,White/Grey,Leather,$85.00 ,15,$189.99,Rome
172,Skechers,Max Cushioning Premier,Running,Women,US 7,Grey/Pink,Mesh,$105.00 ,89,$139.99,Catania
173,Nike,Blazer Mid '77,Casual,Men,US 8.5,Green,Leather,$100.00 ,44,$249.99,Palermo
174,Adidas,Ultraboost 6.0,Running,Women,US 7.5,Black/White,Primeknit,$180.00 ,94,$249.99,Milan
175,Reebok,Classic Nylon,Casual,Men,US 11.5,Blue/White,Nylon,$60.00 ,86,$209.99,Bari
176,Converse,Pro Leather,Casual,Women,US 9.5,White/Green,Leather,$75.00 ,57,$139.99,Bologna
177,Puma,Clyde All-Pro,Basketball,Men,US 9.5,Black,Leather/Synthetic,$130.00 ,54,$189.99,Genoa
178,Vans,Era 95 DX,Skate,Women,US 6.5,Black/White,Canvas,$65.00 ,53,$219.99,Milan
179,New Balance,Fresh Foam More v3,Running,Men,US 10,Black/Grey,Mesh,$165.00 ,81,$199.99,Bari
180,Asics,Gel-Quantum 360 6,Running,Women,US 9,Grey/Green,Mesh,$180.00 ,51,$289.99,Milan
181,Fila,Spaghetti,Basketball,Men,US 10.5,White,Leather,$75.00 ,96,$219.99,Turin
182,Skechers,Uno Bold Move,Casual,Women,US 8.5,Black/White,Synthetic,$70.00 ,22,$229.99,Genoa
183,Nike,Air Force 1,Basketball,Men,US 10,White,Leather,$100.00 ,35,$119.99,Naples
184,Adidas,NMD_R1,Lifestyle,Women,US 8,Grey,Primeknit,$140.00 ,29,$289.99,Bologna
185,Reebok,Nano X1,Training,Men,US 9.5,Black,Knit,$130.00 ,13,$149.99,Turin
186,Converse,Jack Purcell,Casual,Women,US 6.5,Navy,Canvas,$65.00 ,18,$189.99,Palermo
187,Puma,Calibrate Runner,Running,Men,US 11,Black,Mesh,$80.00 ,78,$169.99,Bologna
188,Vans,Sk8-Hi,Skate,Women,US 7.5,Black/White,Canvas/Suede,$70.00 ,23,$139.99,Catania
189,New Balance,327,Lifestyle,Men,US 10,Beige,Suede/Mesh,$100.00 ,92,$179.99,Bari
190,Asics,Gel-Excite 8,Running,Women,US 9,Pink,Mesh,$75.00 ,19,$279.99,Florence
191,Fila,Memory Fresh 2,Walking,Men,US 10,White,Synthetic,$60.00 ,90,$219.99,Catania
192,Skechers,Energy Burst,Running,Women,US 8,Black,Mesh,$70.00 ,94,$209.99,Naples
193,Nike,Flyknit Trainer,Running,Men,US 10,Black/White,Flyknit,$150.00 ,89,$169.99,Turin
194,Adidas,Ultraboost 4.0,Running,Women,US 7,Blue,Primeknit,$180.00 ,50,$289.99,Palermo
195,Reebok,Floatride Energy,Running,Men,US 10.5,Grey,Mesh,$100.00 ,66,$179.99,Milan
196,Converse,Chuck 70 High,Casual,Women,US 9,Pink,Canvas,$85.00 ,74,$109.99,Catania
197,Puma,Clyde All-Pro,Basketball,Men,US 9,White,Leather,$130.00 ,16,$269.99,Catania
198,Vans,Era,Skate,Women,US 8.5,Black,Canvas,$50.00 ,81,$219.99,Milan
199,New Balance,Fresh Foam Beacon v3,Running,Men,US 12,Blue,Mesh,$120.00 ,83,$169.99,Rome
200,Asics,Gel-Kayano 27,Running,Women,US 8.5,Black,Mesh,$160.00 ,92,$239.99,Naples
201,Fila,Trailblazer,Fashion,Men,US 11,Black,Leather,$75.00 ,44,$239.99,Naples
202,Skechers,Equalizer 4.0,Walking,Women,US 7,Grey,Mesh,$60.00 ,93,$149.99,Bologna
203,Nike,Blazer Mid '77,Casual,Men,US 9.5,White/Red/Navy,Leather,$100.00 ,38,$139.99,Catania
204,Adidas,Superstar,Casual,Women,US 7.5,White/Black,Leather,$80.00 ,41,$219.99,Florence
205,Reebok,Zig Kinetica,Running,Men,US 11.5,White/Black,Mesh,$120.00 ,90,$179.99,Rome
206,Converse,Jack Purcell,Casual,Men,US 8.5,White/Navy,Canvas,$70.00 ,11,$99.99,Genoa
207,Puma,Suede Classic,Casual,Women,US 8.5,Pink,Suede,$65.00 ,43,$209.99,Palermo
208,Vans,Sk8-Hi,Skate,Men,US 10,Black/White,Canvas,$70.00 ,30,$169.99,Turin
209,New Balance,Fresh Foam More,Running,Women,US 9,Grey/Purple,Mesh,$165.00 ,56,$199.99,Palermo
210,Asics,Gel-Kayano 27,Running,Men,US 10.5,Black/Green,Mesh,$160.00 ,67,$269.99,Florence
211,Fila,Trailblazer,Fashion,Women,US 7,Cream,Synthetic,$75.00 ,18,$129.99,Naples
212,Skechers,D'Lites Fresh Start,Walking,Men,US 9.5,White/Black,Leather,$70.00 ,3,$109.99,Milan
213,Nike,Air Force 1,Casual,Women,US 8.5,White/Red,Leather,$90.00 ,62,$269.99,Bari
214,Adidas,NMD_R1,Casual,Men,US 9,Black/White,Primeknit,$130.00 ,71,$269.99,Milan
215,Reebok,Club C 85 MU,Casual,Men,US 11,White/Black,Leather,$75.00 ,39,$229.99,Rome
216,Converse,Chuck 70,Casual,Women,US 8.5,Cream,Canvas,$85.00 ,57,$159.99,Florence
217,Puma,Calibrate Runner,Running,Men,US 8.5,Black/Blue,Mesh,$120.00 ,64,$239.99,Naples
218,Vans,Era,Skate,Women,US 7,Pink/White,Canvas,$50.00 ,83,$209.99,Genoa
219,New Balance,FuelCell Propel v2,Running,Men,US 9,Blue/Green,Mesh,$100.00 ,100,$279.99,Turin
220,Asics,Gel-Cumulus 23,Running,Women,US 8.5,Pink/White,Mesh,$120.00 ,34,$229.99,Bologna
221,Fila,Mindblower,Fashion,Men,US 10,White/Black,Synthetic,$75.00 ,56,$89.99,Bari
222,Nike,Air Force 1,Casual,Men,US 11,White,Leather,$90.00 ,50,$209.99,Florence
223,Adidas,NMD_R1,Lifestyle,Women,US 8,Pink,Primeknit,$140.00 ,43,$209.99,Catania
224,Reebok,Nano X1,Training,Men,US 9.5,Grey,Knit,$130.00 ,54,$189.99,Catania
225,Converse,All Star Hi,Casual,Women,US 7,Black,Canvas,$60.00 ,88,$269.99,Florence
226,Puma,Calibrate Runner,Running,Men,US 10.5,Blue,Mesh,$90.00 ,48,$269.99,Genoa
227,Vans,Sk8-Hi,Skate,Women,US 6,Red/White,Canvas,$70.00 ,8,$169.99,Bologna
228,New Balance,327,Lifestyle,Men,US 8.5,Green,Suede/Mesh,$100.00 ,33,$229.99,Catania
229,Asics,Gel-Quantum 180,Running,Women,US 7.5,Grey,Mesh,$120.00 ,13,$179.99,Rome
230,Fila,Mindblower,Fashion,Men,US 9,White,Leather,$70.00 ,79,$239.99,Catania
231,Skechers,Max Cushioning,Walking,Women,US 9,Black,Mesh,$75.00 ,18,$189.99,Milan
232,Nike,React Infinity Run Flyknit,Running,Men,US 12,Black,Flyknit,$160.00 ,40,$169.99,Catania
233,Adidas,Adilette Comfort,Slides,Women,US 6,Black,Synthetic,$35.00 ,89,$139.99,Turin
234,Reebok,Classic Nylon,Casual,Men,US 10,Grey,Nylon,$65.00 ,21,$89.99,Bologna
235,Converse,Chuck 70,Casual,Women,US 8,Cream,Canvas,$85.00 ,83,$109.99,Turin
236,Puma,RS-X3 Puzzle,Lifestyle,Men,US 8.5,Black/Yellow,Synthetic,$110.00 ,1,$139.99,Milan
237,Vans,Era,Skate,Women,US 7,Pink,Canvas,$55.00 ,46,$209.99,Milan
238,New Balance,990v4,Running,Men,US 9.5,Grey,Suede/Mesh,$175.00 ,1,$229.99,Genoa
239,Asics,GT-2000 10,Running,Women,US 9,Blue,Mesh,$120.00 ,4,$189.99,Turin
240,Fila,D-Formation,Fashion,Men,US 11,White,Leather,$65.00 ,97,$89.99,Milan
241,Skechers,Equalizer 4.0,Training,Women,US 8.5,Black,Knit,$70.00 ,100,$199.99,Catania
242,Nike,Air Zoom Pegasus 38,Running,Men,US 10.5,Blue,Mesh,$120.00 ,98,$159.99,Bari
243,Nike,Air Force 1 '07,Basketball,Men,US 11,White,Leather,$90.00 ,52,$139.99,Bari
244,Adidas,Yeezy Boost 350 V2,Fashion,Men,US 9,Zebra,Primeknit,$220.00 ,12,$249.99,Rome
245,Reebok,Nano X1 Adventure,Training,Men,US 10,Khaki,Textile/Leather,$130.00 ,40,$159.99,Bologna
246,Converse,Jack Purcell Low,Casual,Women,US 7.5,Pink,Canvas,$65.00 ,4,$89.99,Naples
247,Puma,Clyde All-Pro,Basketball,Men,US 10.5,Black/White,Leather/Suede,$130.00 ,54,$199.99,Milan
248,Vans,Sk8-Hi,Skate,Women,US 9,Checkerboard,Canvas,$70.00 ,48,$169.99,Genoa
249,New Balance,Fresh Foam Hierro v6,Trail,Men,US 9.5,Grey/Yellow,Synthetic/Mesh,$135.00 ,3,$199.99,Bari
250,Asics,Gel-Quantum 180 5,Running,Women,US 8,Pink,Mesh,$120.00 ,92,$179.99,Catania
251,Fila,D-Formation,Fashion,Men,US 11,Black,Leather,$65.00 ,92,$119.99,Bologna
252,Skechers,Arch Fit Refine,Walking,Women,US 6.5,Navy,Mesh,$65.00 ,46,$99.99,Bari
253,Nike,Air Zoom Pegasus 38,Running,Men,US 12,Blue,Mesh,$120.00 ,70,$239.99,Bologna
254,Adidas,NMD_R1,Casual,Women,US 8.5,Pink,Primeknit,$130.00 ,57,$189.99,Palermo
255,Reebok,Floatride Energy 3,Running,Men,US 9,Black,Mesh,$100.00 ,71,$219.99,Naples
256,Converse,Chuck 70 High,Casual,Men,US 12,Green,Canvas,$85.00 ,40,$129.99,Rome
257,Puma,Calibrate Runner,Running,Women,US 9,White,Mesh,$90.00 ,14,$219.99,Florence
258,Vans,Era,Skate,Men,US 8.5,Black,Canvas,$50.00 ,84,$159.99,Catania
259,New Balance,FuelCell Rebel v2,Running,Women,US 7.5,Orange,Mesh,$130.00 ,52,$279.99,Genoa
260,Asics,Gel-Cumulus 23,Running,Men,US 11,Grey,Mesh,$120.00 ,11,$249.99,Rome
261,Fila,Mindblower,Fashion,Women,US 7,White,Leather/Synthetic,$65.00 ,46,$209.99,Genoa
262,Skechers,GOrun Mojo 2.0,Running,Men,US 8,Black,Mesh,$60.00 ,96,$299.99,Genoa
263,Nike,Air Force 1,Basketball,Men,US 11,White,Leather,$90.00 ,78,$259.99,Naples
264,Adidas,NMD_R1,Running,Women,US 8.5,Pink,Knit,$140.00 ,63,$209.99,Rome
265,Reebok,ZigWild Trail 7,Trail,Men,US 9.5,Black,Mesh/Synthetic,$110.00 ,81,$169.99,Florence
266,Converse,Jack Purcell,Casual,Women,US 7,Blue,Canvas,$65.00 ,71,$209.99,Turin
267,Puma,Calibrate Runner,Running,Men,US 10,Grey,Mesh,$90.00 ,56,$269.99,Naples
268,Vans,SK8-Hi,Skate,Women,US 6.5,Black/White,Canvas/Leather,$70.00 ,33,$149.99,Naples
269,New Balance,FuelCell Rebel v2,Running,Women,US 7,White/Pink,Mesh,$110.00 ,87,$189.99,Genoa
270,Asics,Gel-Kahana 8,Running,Men,US 8,Grey,Mesh,$85.00 ,46,$159.99,Bologna
271,Fila,Mindblower,Fashion,Women,US 7.5,White/Pink,Leather/Synthetic,$65.00 ,16,$299.99,Turin
272,Skechers,Max Cushioning,Running,Men,US 11,Black,Mesh,$85.00 ,81,$129.99,Rome
273,Nike,Air Max 2090,Running,Men,US 12,Black,Mesh/Synthetic,$150.00 ,52,$249.99,Bologna
274,Adidas,Superstar,Casual,Women,US 9.5,White/Black,Leather,$85.00 ,63,$149.99,Bari
275,Reebok,Nano 9,Training,Men,US 10,Blue,Synthetic,$130.00 ,57,$279.99,Florence
276,Converse,Pro Leather,Casual,Men,US 9.5,White/Green,Leather,$80.00 ,19,$129.99,Naples
277,Puma,RS-X³,Lifestyle,Women,US 8.5,Pink,Mesh,$110.00 ,6,$229.99,Turin
278,Vans,Slip-On,Casual,Men,US 10.5,Black/White,Canvas,$50.00 ,16,$149.99,Naples
279,New Balance,Fresh Foam More v3,Running,Men,US 12,Black/Grey,Mesh,$165.00 ,14,$259.99,Bologna
280,Asics,GT-1000 9,Running,Women,US 6.5,Blue,Mesh,$90.00 ,5,$199.99,Naples
281,Fila,T1 Mid,Casual,Men,US 11,White,Leather,$65.00 ,89,$279.99,Bologna
282,Skechers,Go Walk 5,Walking,Women,US 8.5,Black,Mesh,$60.00 ,99,$199.99,Milan
283,Nike,Blazer Mid '77,Casual,Men,US 8.5,Green,Leather,$100.00 ,81,$109.99,Bologna
284,Nike,Air Force 1,Casual,Men,US 9.5,White,Leather,$90.00 ,56,$199.99,Genoa
285,Adidas,NMD_R1,Lifestyle,Women,US 7,Black/Pink,Knit,$140.00 ,33,$239.99,Rome
286,Reebok,Nano X1,Crossfit,Men,US 10,Black,Mesh,$130.00 ,68,$289.99,Palermo
287,Converse,Chuck 70,Casual,Women,US 8.5,Ivory,Canvas,$85.00 ,94,$159.99,Bari
288,Puma,Calibrate,Running,Men,US 8.5,Grey,Mesh,$130.00 ,77,$179.99,Palermo
289,Vans,SK8-Hi,Skate,Men,US 9.5,Black/White,Canvas,$70.00 ,62,$249.99,Bari
290,New Balance,574,Casual,Women,US 7,Pink,Suede,$80.00 ,57,$249.99,Catania
291,Asics,Gel-Quantum 180 6,Running,Men,US 11,Black,Mesh,$120.00 ,8,$189.99,Bologna
292,Fila,Mindblower,Fashion,Women,US 8,White,Leather/Synthetic,$65.00 ,88,$229.99,Bologna
293,Skechers,Max Cushioning,Running,Women,US 7.5,Black,Mesh,$90.00 ,88,$259.99,Rome
294,Nike,Free RN Flyknit,Running,Men,US 10,Blue,Knit,$130.00 ,10,$179.99,Turin
295,Adidas,Adizero Boston 9,Running,Women,US 6.5,Black,Mesh,$120.00 ,36,$249.99,Palermo
296,Reebok,Zig Kinetica II,Running,Men,US 9,Blue,Mesh,$120.00 ,11,$219.99,Florence
297,Converse,Run Star Hike,Casual,Women,US 8.5,White,Canvas,$110.00 ,88,$149.99,Bologna
298,Puma,Ralph Sampson,Casual,Men,US 11,White/Green,Leather,$80.00 ,82,$249.99,Bari
299,Vans,Era,Skate,Women,US 7,Black,Canvas,$55.00 ,14,$199.99,Bologna
300,New Balance,990v4,Running,Men,US 10.5,Grey,Suede/Mesh,$175.00 ,13,$259.99,Genoa
301,Asics,Gel-Kayano 27,Running,Women,US 9,Black,Mesh,$160.00 ,67,$189.99,Turin
302,Fila,D-Formation,Fashion,Men,US 9,White,Leather,$70.00 ,20,$169.99,Naples
303,Skechers,D'Lites,Walking,Women,US 8,White,Leather,$65.00 ,15,$139.99,Palermo
304,Nike,Air Max 2090,Running,Men,US 9,Grey,Synthetic,$150.00 ,95,$239.99,Genoa
305,Nike,Air Force 1 Low,Casual,Men,US 9.5,White,Leather,$90.00 ,50,$139.99,Palermo
306,Adidas,NMD_R1,Lifestyle,Women,US 7.5,Pink/White,Primeknit,$130.00 ,29,$259.99,Florence
307,Reebok,Zig Kinetica II,Running,Men,US 11,Black,Mesh,$120.00 ,12,$179.99,Palermo
308,Converse,Chuck 70 High,Casual,Men,US 8.5,Cream,Canvas,$85.00 ,18,$269.99,Naples
309,Puma,Calibrate Runner,Running,Women,US 8,Black,Mesh,$90.00 ,88,$129.99,Rome
310,Vans,Sk8-Hi,Skate,Men,US 10,Black/White,Suede/Canvas,$70.00 ,81,$229.99,Florence
311,New Balance,327,Lifestyle,Women,US 6.5,White/Green,Suede/Mesh,$90.00 ,21,$179.99,Palermo
312,Asics,Gel-Quantum 90,Running,Men,US 10,Blue,Mesh,$90.00 ,57,$209.99,Milan
313,Fila,Original Fitness,Fashion,Women,US 7.5,White/Navy,Leather/Synthetic,$65.00 ,23,$149.99,Genoa
314,Skechers,Go Walk 5,Walking,Men,US 9,Grey,Mesh,$65.00 ,10,$269.99,Genoa
315,Nike,React Infinity Run Flyknit,Running,Women,US 8,Black,Flyknit,$160.00 ,98,$189.99,Catania
316,Adidas,Superstar,Casual,Men,US 8.5,White/Black,Leather,$85.00 ,18,$209.99,Catania
317,Reebok,Nano 9,Crossfit,Women,US 7,Grey,Mesh,$130.00 ,47,$249.99,Rome
318,Converse,Run Star Hike,Casual,Women,US 9,White,Canvas,$100.00 ,12,$159.99,Bari
319,Puma,RS-2K,Lifestyle,Men,US 10,White,Leather/Synthetic,$120.00 ,6,$239.99,Rome
320,Vans,Era,Skate,Women,US 6.5,Black/White,Canvas,$50.00 ,46,$179.99,Rome
321,New Balance,FuelCell Propel v3,Running,Men,US 9.5,Blue/Orange,Mesh,$100.00 ,11,$189.99,Naples
322,Asics,Gel-Kinsei OG,Running,Women,US 8.5,White/Black,Mesh,$180.00 ,37,$279.99,Florence
323,Fila,Trigate,Fashion,Men,US 9.5,White/Navy/Red,Synthetic,$60.00 ,37,$159.99,Catania
324,Skechers,Summits,Walking,Women,US 7.5,Black/Pink,Mesh,$60.00 ,62,$239.99,Catania
325,Nike,Air Force 1 Low,Casual,Men,US 9,White,Leather,$90.00 ,30,$119.99,Milan
326,Adidas,NMD_R1,Lifestyle,Women,US 7,Pink,Primeknit,$140.00 ,18,$199.99,Florence
327,Reebok,Zig Kinetica,Running,Men,US 11,Black,Mesh,$120.00 ,56,$179.99,Turin
328,Converse,Chuck 70,Casual,Men,US 8,Grey,Canvas,$85.00 ,4,$99.99,Milan
329,Puma,Clyde All-Pro,Basketball,Men,US 10.5,White,Leather,$130.00 ,20,$149.99,Catania
330,Vans,SK8-Hi,Skate,Women,US 7,Black/White,Suede/Canvas,$70.00 ,9,$219.99,Palermo
331,New Balance,990v2,Running,Men,US 10,Grey,Suede/Mesh,$175.00 ,29,$269.99,Milan
332,Asics,Gel-Quantum 360 6,Running,Women,US 8,Black,Mesh,$150.00 ,94,$179.99,Milan
333,Fila,Original Fitness,Casual,Men,US 9,White/Navy,Leather,$60.00 ,21,$279.99,Milan
334,Skechers,Max Cushioning Premier,Running,Men,US 8.5,Grey,Mesh,$90.00 ,6,$249.99,Bologna
335,Nike,Blazer Mid,Casual,Women,US 7.5,Red,Leather,$100.00 ,96,$199.99,Bologna
336,Adidas,Superstar,Casual,Men,US 10,White/Black,Leather,$80.00 ,49,$189.99,Naples
337,Reebok,Classic Nylon,Casual,Women,US 8,Black/White,Nylon/Suede,$65.00 ,51,$239.99,Milan
338,Converse,All Star Pro BB,Basketball,Men,US 11,Black,Canvas,$120.00 ,64,$209.99,Bari
339,Puma,Calibrate Runner,Running,Women,US 6.5,Blue,Mesh,$120.00 ,98,$209.99,Palermo
340,Vans,Era,Skate,Men,US 9.5,Red,Canvas,$50.00 ,64,$139.99,Bari
341,New Balance,Fresh Foam More v3,Running,Women,US 7.5,Grey,Mesh,$165.00 ,68,$209.99,Bari
342,Asics,GT-2000 10,Running,Men,US 9.5,Black,Mesh,$120.00 ,12,$269.99,Florence
343,Fila,D-Formation,Casual,Women,US 8.5,White,Leather,$70.00 ,40,$259.99,Milan
344,Skechers,Equalizer 4.0,Walking,Men,US 12,Navy,Mesh,$65.00 ,89,$199.99,Bari
345,Nike,React Infinity Run Flyknit 2,Running,Women,US 9,Purple,Flyknit,$160.00 ,97,$219.99,Rome
346,Nike,Air Force 1,Basketball,Men,US 11,White,Leather,$90.00 ,70,$289.99,Palermo
347,Adidas,Yeezy Boost 350 V2,Fashion,Women,US 8.5,Cream,Primeknit,$220.00 ,1,$289.99,Genoa
348,Reebok,Zig Kinetica,Running,Men,US 12,Black,Mesh,$120.00 ,87,$149.99,Bari
349,Converse,Chuck 70,Casual,Women,US 7,Egret,Canvas,$85.00 ,53,$259.99,Catania
350,Puma,Calibrate Runner,Running,Men,US 8.5,Black,Mesh,$80.00 ,40,$189.99,Florence
351,Vans,Sk8-Hi,Skate,Women,US 9,Black/White,Canvas,$70.00 ,26,$189.99,Rome
352,New Balance,FuelCell Rebel v2,Running,Men,US 10.5,Blue,Mesh,$130.00 ,67,$199.99,Genoa
353,Asics,Gel-Quantum 90,Running,Women,US 7,Black,Mesh,$80.00 ,77,$89.99,Rome
354,Fila,Tracer,Fashion,Men,US 9.5,White/Navy,Leather/Synthetic,$65.00 ,7,$289.99,Turin
355,Skechers,D'Lites,Walking,Women,US 6.5,Black/White,Synthetic,$65.00 ,31,$139.99,Milan
356,Nike,React Infinity Run Flyknit 2,Running,Men,US 9,Black,Flyknit,$160.00 ,62,$189.99,Naples
357,Adidas,NMD_R1 V2,Casual,Women,US 6.5,Pink,Primeknit,$130.00 ,67,$249.99,Florence
358,Reebok,Club C Legacy,Casual,Men,US 11,Green,Leather,$80.00 ,37,$269.99,Bologna
359,Converse,Jack Purcell,Casual,Women,US 7.5,White,Canvas,$65.00 ,84,$169.99,Naples
360,Puma,Clyde All-Pro,Basketball,Men,US 10,Black,Leather,$130.00 ,36,$239.99,Catania
361,Vans,Slip-On,Casual,Women,US 8.5,Black,Canvas,$50.00 ,98,$179.99,Bologna
362,New Balance,Fresh Foam Hierro v6,Trail Running,Men,US 10,Grey/Orange,Synthetic/Mesh,$135.00 ,14,$169.99,Genoa
363,Asics,GT-2000 10,Running,Women,US 9,Black/Pink,Mesh,$120.00 ,42,$149.99,Genoa
364,Fila,Ray,Fashion,Men,US 11,White,Synthetic,$65.00 ,16,$89.99,Bologna
365,Skechers,Ultra Flex 2.0,Walking,Women,US 7.5,Navy/White,Mesh,$60.00 ,8,$279.99,Rome
366,Nike,React Infinity Run,Running,Women,US 9.5,Grey/Pink,Mesh,$160.00 ,67,$209.99,Turin
367,Adidas,Ultraboost 5.0 DNA,Running,Men,US 9,White,Primeknit,$180.00 ,52,$249.99,Bari
368,Reebok,Nano X1,Training,Women,US 8.5,Black,Flexweave/Knit,$130.00 ,82,$249.99,Milan
369,Converse,Jack Purcell,Casual,Men,US 11,White,Canvas,$75.00 ,41,$289.99,Palermo
370,Puma,Calibrate Runner,Running,Men,US 10,Grey/Black,Mesh,$90.00 ,94,$139.99,Florence
371,Vans,Sk8-Hi,Skate,Women,US 7,Black/White,Canvas/Suede,$65.00 ,35,$189.99,Palermo
372,New Balance,327,Lifestyle,Men,US 8.5,Blue/Orange,Suede/Nylon,$90.00 ,67,$229.99,Bologna
373,Asics,Gel-Cumulus 23,Running,Women,US 7.5,Pink,Mesh,$120.00 ,65,$149.99,Turin
374,Fila,Trailblazer,Fashion,Men,US 9,Green/Orange,Leather/Synthetic,$80.00 ,15,$159.99,Bari
375,Skechers,Go Walk Joy,Walking,Women,US 6.5,Black,Mesh,$54.99 ,2,$99.99,Palermo
376,Nike,Blazer Mid '77,Casual,Men,US 10,White/Black,Leather,$100.00 ,43,$169.99,Turin
377,Adidas,NMD_R1,Lifestyle,Women,US 6,Pink/White,Primeknit,$130.00 ,86,$259.99,Florence
378,Reebok,Legacy Lifter,Weightlifting,Men,US 9.5,Black/Gold,Leather,$200.00 ,48,$239.99,Turin
379,Converse,Run Star Hike,Casual,Women,US 7.5,Pink,Canvas,$110.00 ,84,$139.99,Palermo
380,Puma,Wild Rider,Lifestyle,Men,US 11,Black/White,Suede/Leather,$90.00 ,57,$99.99,Milan
381,Vans,Slip-On,Casual,Women,US 8,Black/White Checkerboard,Canvas,$50.00 ,95,$179.99,Palermo
382,New Balance,Fresh Foam 1080v10,Running,Men,US 12,Black/Green,Mesh,$150.00 ,19,$289.99,Bologna
383,Asics,Gel-Quantum 360 6,Running,Women,US 9,Black/White,Mesh,$150.00 ,81,$299.99,Bologna
384,Fila,Spaghetti,Fashion,Men,US 9.5,White/Navy,Leather/Synthetic,$75.00 ,20,$159.99,Turin
385,Nike,Air Max 90,Running,Men,US 8.5,White,Leather,$120.00 ,63,$229.99,Naples
386,Adidas,NMD_R1,Lifestyle,Women,US 7,Black/Pink,Primeknit,$130.00 ,88,$209.99,Milan
387,Reebok,Nano X,Crossfit,Men,US 9,Grey,Mesh,$130.00 ,73,$209.99,Naples
388,Converse,All Star Pro BB,Basketball,Women,US 9.5,Purple,Canvas,$110.00 ,64,$149.99,Rome
389,Puma,Suede Classic,Casual,Men,US 11,Black,Suede,$65.00 ,96,$129.99,Bari
390,Vans,Sk8-Hi,Skate,Women,US 7.5,Yellow,Suede,$65.00 ,93,$129.99,Rome
391,New Balance,574,Casual,Men,US 10,Grey,Suede/Mesh,$80.00 ,55,$189.99,Palermo
392,Asics,Gel-Quantum 360 6,Running,Women,US 8.5,Black,Mesh,$150.00 ,59,$199.99,Turin
393,Fila,Original Fitness,Fashion,Men,US 10.5,White,Leather,$65.00 ,43,$129.99,Palermo
394,Skechers,Go Run 600,Running,Women,US 6,Pink,Mesh,$60.00 ,59,$169.99,Bari
395,Nike,Air Force 1,Casual,Men,US 9.5,Grey,Leather,$90.00 ,53,$229.99,Turin
396,Adidas,Yeezy Boost 350,Lifestyle,Women,US 6.5,Cream,Primeknit,$220.00 ,16,$259.99,Naples
397,Reebok,Legacy Lifter,Weightlifting,Men,US 10.5,Black,Leather,$200.00 ,36,$229.99,Genoa
398,Converse,Pro Leather,Casual,Women,US 8.5,White/Green,Leather,$85.00 ,70,$269.99,Genoa
399,Puma,RS-X³ Puzzle,Lifestyle,Men,US 8.5,Red,Synthetic,$110.00 ,91,$259.99,Rome
400,Vans,Slip-On,Skate,Women,US 8,Black/White,Canvas,$50.00 ,93,$289.99,Palermo
401,New Balance,FuelCell Propel v3,Running,Men,US 9,Red,Mesh,$100.00 ,16,$119.99,Naples
402,Asics,Gel-Kayano 28,Running,Women,US 7.5,White/Pink,Mesh,$160.00 ,74,$209.99,Milan
403,Fila,Disruptor Low,Fashion,Men,US 9.5,White/Navy,Synthetic,$60.00 ,17,$199.99,Palermo
404,Skechers,Elite Flex,Walking,Women,US 7.5,Black,Mesh,$70.00 ,24,$149.99,Genoa
405,Nike,Air Force 1 '07,Basketball,Men,US 9.5,White,Leather,$100.00 ,62,$229.99,Rome
406,Adidas,NMD_R1,Running,Women,US 7,Grey,Primeknit,$140.00 ,14,$279.99,Palermo
407,Reebok,Aztrek Double Mix,Casual,Women,US 8,Pink/White,Suede/Mesh,$100.00 ,85,$289.99,Genoa
408,Converse,All Star Leather,Casual,Men,US 8.5,Black,Leather,$65.00 ,88,$189.99,Catania
409,Puma,Calibrate Runner,Running,Men,US 10,Blue,Mesh,$90.00 ,61,$229.99,Naples
410,Vans,SK8-Hi,Skate,Women,US 6.5,Black/White,Suede/Canvas,$70.00 ,65,$219.99,Rome
411,New Balance,Fresh Foam 880v11,Running,Men,US 11.5,Red,Mesh,$130.00 ,26,$269.99,Genoa
412,Asics,Gel-Cumulus 23,Running,Women,US 9.5,Purple,Mesh,$120.00 ,26,$159.99,Milan
413,Fila,Mindblower,Fashion,Men,US 9.5,White/Blue,Leather/Synthetic,$75.00 ,15,$99.99,Bologna
414,Skechers,Summits - Quick Lapse,Walking,Women,US 8,Black/Pink,Mesh,$60.00 ,36,$269.99,Bologna
415,Nike,Air Max 97,Running,Men,US 11.5,Black,Leather/Synthetic,$170.00 ,17,$199.99,Naples
416,Adidas,ZX 2K Boost,Casual,Women,US 7.5,White/Pink,Mesh/Synthetic,$150.00 ,62,$219.99,Catania
417,Reebok,Club C Revenge,Casual,Men,US 10,White/Green,Leather,$80.00 ,92,$239.99,Rome
418,Converse,Chuck 70 High,Casual,Women,US 6,Red,Canvas,$85.00 ,61,$269.99,Genoa
419,Puma,Cali Sport,Lifestyle,Men,US 8.5,Black/White,Leather,$80.00 ,63,$149.99,Bari
420,Vans,Slip-On,Skate,Women,US 7,Black/White,Canvas,$50.00 ,59,$89.99,Turin
421,New Balance,Fresh Foam More v2,Running,Men,US 9,Grey,Mesh,$165.00 ,18,$189.99,Bari
422,Asics,GT-2000 10,Running,Women,US 8,Blue,Mesh,$120.00 ,43,$189.99,Genoa
423,Fila,Original Fitness,Fashion,Men,US 11,White,Leather,$60.00 ,11,$199.99,Bari
424,Nike,Air Force 1,Basketball,Men,US 11,White,Leather,$90.00 ,3,$119.99,Palermo
425,Adidas,NMD_R1,Running,Women,US 8,Pink,Primeknit,$140.00 ,57,$259.99,Bologna
426,Reebok,Zig Kinetica,Running,Men,US 10.5,Black,Mesh,$120.00 ,81,$199.99,Milan
427,Converse,Jack Purcell,Casual,Women,US 7.5,White,Canvas,$65.00 ,39,$119.99,Naples
428,Puma,Clyde All-Pro,Basketball,Men,US 10.5,Black,Leather,$130.00 ,29,$259.99,Palermo
429,Vans,Sk8-Hi,Skate,Women,US 9,Black/White,Canvas/Suede,$70.00 ,72,$149.99,Turin
430,New Balance,Fresh Foam More v3,Running,Men,US 9.5,Blue,Mesh,$165.00 ,74,$189.99,Genoa
431,Asics,Gel-Kayano Lite,Running,Women,US 7.5,Black,Mesh,$120.00 ,65,$259.99,Bari
432,Fila,Mindblower,Fashion,Men,US 9,Grey,Synthetic,$70.00 ,2,$199.99,Naples
433,Skechers,D'Lites,Lifestyle,Women,US 8.5,White,Leather/Synthetic,$65.00 ,66,$279.99,Turin
434,Nike,Air Max 95,Running,Men,US 11,Grey,Synthetic,$170.00 ,77,$269.99,Bari
435,Adidas,Superstar,Casual,Women,US 7,White/Black,Leather,$80.00 ,35,$119.99,Turin
436,Reebok,DMX Series 2K,Casual,Men,US 9.5,White/Blue,Synthetic,$90.00 ,42,$169.99,Palermo
437,Converse,All Star Lift,Casual,Women,US 6.5,Black,Canvas,$65.00 ,35,$99.99,Catania
438,Puma,Ralph Sampson,Basketball,Men,US 11,White,Leather,$80.00 ,54,$179.99,Bari
439,Vans,Era,Skate,Women,US 8.5,Red,Canvas,$55.00 ,68,$159.99,Rome
440,New Balance,FuelCell Rebel v2,Running,Men,US 10,Black,Mesh,$130.00 ,23,$269.99,Bari
441,Asics,Gel-Quantum 90,Running,Women,US 8,Black/Pink,Mesh,$80.00 ,82,$149.99,Bari
442,Fila,Original Fitness,Casual,Men,US 8.5,White/Red,Leather,$65.00 ,72,$219.99,Catania
443,Skechers,Elite Flex Wasick,Training,Women,US 7.5,Grey,Knit,$65.00 ,81,$169.99,Catania
444,Nike,React Infinity Run Flyknit,Running,Men,US 10,Blue,Flyknit,$160.00 ,53,$239.99,Naples
445,Nike,Air Force 1 '07,Casual,Men,US 9,White/Black,Leather,$90.00 ,97,$119.99,Florence
446,Adidas,Yeezy Boost 350 V2,Fashion,Women,US 8.5,Cream White,Primeknit/Synthetic,$220.00 ,75,$229.99,Catania
447,Reebok,Nano X1 Adventure,Training,Men,US 10.5,Black,Mesh/Synthetic,$130.00 ,49,$189.99,Palermo
448,Converse,Jack Purcell,Casual,Women,US 7,White,Canvas,$65.00 ,64,$239.99,Rome
449,Puma,Calibrate Runner,Running,Men,US 11,Grey,Mesh/Synthetic,$100.00 ,9,$259.99,Genoa
450,Vans,SK8-Hi,Skate,Women,US 9.5,Purple,Canvas/Suede,$70.00 ,34,$119.99,Milan
451,New Balance,FuelCell Rebel v2,Running,Men,US 9.5,Black/White,Mesh/Synthetic,$130.00 ,63,$289.99,Turin
452,Asics,Gel-Quantum 360 6,Running,Women,US 6,Pink,Mesh/Synthetic,$170.00 ,7,$269.99,Florence
453,Fila,Mindblower,Fashion,Men,US 8.5,Red/White,Synthetic/Leather,$75.00 ,7,$159.99,Genoa
454,Skechers,Max Cushioning Elite,Running,Women,US 7,Navy,Mesh/Synthetic,$110.00 ,2,$249.99,Palermo
455,Nike,Air Max 90,Running,Men,US 8,Black/White,Leather/Mesh,$120.00 ,7,$139.99,Turin
456,Adidas,NMD_R1,Fashion,Women,US 7,Grey,Knit/Synthetic,$140.00 ,59,$289.99,Bologna
457,Reebok,Nano X1 Grit,Training,Men,US 11,Grey/Black,Mesh/Synthetic,$130.00 ,52,$289.99,Naples
458,Converse,All Star,Casual,Men,US 9,Navy,Canvas,$55.00 ,87,$169.99,Rome
459,Puma,Future Rider Play On,Lifestyle,Women,US 9,Yellow,Synthetic/Textile,$80.00 ,97,$199.99,Rome
460,Vans,Era,Skate,Men,US 9.5,Black/White,Canvas,$50.00 ,18,$269.99,Rome
461,New Balance,Fresh Foam X Beacon v3,Running,Women,US 7,White/Grey,Mesh,$120.00 ,26,$209.99,Palermo
462,Asics,Gel-Kayano 27,Running,Men,US 12,Black,Mesh/Synthetic,$160.00 ,36,$269.99,Naples
463,Fila,Trigate,Fashion,Women,US 8,Pink,Synthetic/Leather,$65.00 ,43,$149.99,Rome
464,Nike,Air Force 1,Casual,Men,US 11,White,Leather,$90.00 ,12,$109.99,Genoa
465,Adidas,Yeezy Boost 350 V2,Fashion,Women,US 7,Cream,Primeknit,$220.00 ,92,$239.99,Palermo
466,Reebok,Nano X1,CrossFit,Men,US 10,Black/White,Mesh,$130.00 ,47,$189.99,Milan
467,Converse,All Star,Casual,Women,US 8.5,Red,Canvas,$60.00 ,59,$279.99,Palermo
468,Puma,Calibrate Rest,Running,Men,US 8.5,Grey,Mesh,$100.00 ,2,$209.99,Palermo
469,Vans,Sk8-Hi,Skate,Men,US 9,Black/White,Suede/Canvas,$70.00 ,43,$289.99,Genoa
470,New Balance,327,Casual,Women,US 7,Green/White,Suede/Nylon,$90.00 ,24,$279.99,Catania
471,Asics,Gel-Cumulus 23,Running,Men,US 9,Black,Mesh,$120.00 ,84,$189.99,Rome
472,Fila,Mindblower,Fashion,Women,US 7.5,Pink,Leather,$75.00 ,49,$249.99,Naples
473,Skechers,Max Cushioning,Walking,Men,US 11,Grey,Mesh,$90.00 ,98,$159.99,Florence
474,Nike,React Infinity Run Flyknit 2,Running,Women,US 8,Blue,Flyknit,$160.00 ,2,$249.99,Palermo
475,Adidas,Ultraboost 20,Running,Men,US 9.5,White,Primeknit,$180.00 ,70,$259.99,Bari
476,Reebok,Aztrek 96,Casual,Women,US 9,Purple,Synthetic,$90.00 ,37,$229.99,Catania
477,Converse,Jack Purcell,Casual,Men,US 8.5,White,Canvas,$70.00 ,47,$89.99,Turin
478,Puma,RS-X3,Fashion,Women,US 7.5,Pink,Leather/Synthetic,$110.00 ,2,$219.99,Milan
479,Vans,Slip-On,Skate,Men,US 9.5,Checkerboard Black/White,Canvas,$50.00 ,55,$229.99,Palermo
480,New Balance,FuelCell Rebel v2,Running,Women,US 8.5,Grey/Green,Mesh,$130.00 ,92,$209.99,Turin
481,Asics,Gel-Quantum 360 6,Running,Men,US 10,Black,Mesh,$160.00 ,70,$209.99,Catania
482,Fila,D-Formation,Fashion,Women,US 6,White/Black,Leather/Synthetic,$70.00 ,2,$299.99,Rome
483,Skechers,Go Walk 5,Walking,Men,US 10,Black,Mesh,$65.00 ,90,$239.99,Catania
484,Nike,Air Max 2090,Running,Women,US 7.5,Green,Mesh,$150.00 ,16,$229.99,Naples
485,Nike,React Infinity Run,Running,Men,US 9.5,Blue/Black,Mesh,$160.00 ,13,$279.99,Naples
486,Adidas,NMD_R1,Lifestyle,Women,US 7.5,Grey,Primeknit,$130.00 ,59,$179.99,Florence
487,Reebok,Nano 9,Training,Men,US 10,Black,Flexweave,$130.00 ,88,$179.99,Turin
488,Converse,All Star Pro BB,Basketball,Women,US 8.5,White,Leather,$100.00 ,60,$269.99,Catania
489,Puma,Clyde Hardwood,Basketball,Men,US 8,Red/Black,Leather,$110.00 ,54,$279.99,Turin
490,Vans,Sk8-Hi,Skate,Women,US 7.5,Black/White,Suede/Canvas,$70.00 ,8,$149.99,Catania
491,New Balance,327,Casual,Men,US 9.5,Green,Suede/Mesh,$90.00 ,1,$129.99,Milan
492,Asics,Gel-Quantum 360 6,Running,Women,US 8,Pink,Mesh/Synthetic,$160.00 ,70,$269.99,Milan
493,Fila,Mindblower,Fashion,Men,US 10,White/Red,Leather,$75.00 ,67,$269.99,Rome
494,Skechers,D'Lites,Walking,Women,US 7.5,Black,Leather/Synthetic,$60.00 ,16,$169.99,Rome
495,Nike,Blazer Mid '77,Casual,Men,US 10,White/Black,Leather,$100.00 ,61,$159.99,Catania
496,Adidas,Superstar,Casual,Women,US 8.5,White/Black,Leather,$80.00 ,16,$129.99,Turin
497,Reebok,Classic Nylon,Casual,Men,US 11,Black,Nylon/Suede,$60.00 ,29,$249.99,Bari
498,Converse,Chuck 70,Casual,Women,US 7.5,Egret,Canvas,$85.00 ,18,$289.99,Naples
499,Puma,Ralph Sampson Mid,Basketball,Men,US 9.5,White,Leather,$90.00 ,18,$229.99,Milan
500,Vans,Era,Skate,Men,US 8.5,Red,Canvas,$55.00 ,15,$129.99,Palermo
501,New Balance,FuelCell Rebel v2,Running,Women,US 7,Purple,Mesh,$130.00 ,26,$239.99,Bari
502,Asics,GT-2000 10,Running,Men,US 9.5,Grey,Mesh,$120.00 ,60,$219.99,Bologna
503,Fila,Trailblazer,Hiking,Women,US 8,Beige,Leather/Synthetic,$85.00 ,91,$169.99,Palermo
504,Skechers,Summits,Training,Men,US 11,Black,Mesh,$60.00 ,50,$159.99,Naples
505,Nike,Air Force 1,Basketball,Men,US 11,White,Leather,$90.00 ,46,$219.99,Florence
506,Adidas,Yeezy Boost 350 V2,Lifestyle,Men,US 10,Cream,Primeknit,$220.00 ,100,$269.99,Genoa
507,Reebok,Zig Kinetica,Running,Women,US 9,Pink,Mesh,$120.00 ,12,$159.99,Palermo
508,Converse,Chuck 70,Casual,Men,US 9,Black,Canvas,$85.00 ,69,$229.99,Catania
509,Puma,Clyde All-Pro,Basketball,Men,US 9.5,Black,Leather,$130.00 ,25,$229.99,Florence
510,Vans,Sk8-Hi,Skate,Women,US 7,Black/White,Suede/Canvas,$70.00 ,95,$289.99,Bologna
511,New Balance,574,Casual,Men,US 8,Grey,Suede/Mesh,$80.00 ,43,$209.99,Bologna
512,Asics,Gel-Quantum 360,Running,Women,US 7.5,Grey,Mesh,$170.00 ,16,$249.99,Bologna
513,Fila,Mindblower,Fashion,Men,US 11,White/Red,Leather,$75.00 ,85,$299.99,Rome
514,Skechers,Energy Wave Linxe,Walking,Women,US 8,Grey,Mesh,$60.00 ,37,$269.99,Milan
515,Nike,React Infinity Run Flyknit 2,Running,Men,US 9.5,Black/White,Flyknit,$160.00 ,22,$189.99,Catania
516,Adidas,Ultraboost DNA,Running,Women,US 6.5,White,Primeknit,$180.00 ,81,$209.99,Naples
517,Reebok,Nano X1,Training,Men,US 10,Blue,Mesh,$130.00 ,33,$299.99,Bari
518,Converse,Jack Purcell,Casual,Women,US 7,White,Canvas,$65.00 ,14,$249.99,Genoa
519,Puma,Calibrate Runner,Running,Men,US 10.5,Grey,Mesh,$120.00 ,3,$289.99,Catania
520,Vans,Slip-On,Skate,Men,US 8.5,Black/White,Canvas,$50.00 ,94,$79.99,Catania
521,New Balance,FuelCell Rebel V2,Running,Women,US 7.5,Pink,Mesh,$110.00 ,9,$209.99,Genoa
522,Asics,Gel-Kayano 27,Running,Men,US 11.5,Black,Mesh,$160.00 ,2,$299.99,Turin
523,Fila,Original Fitness,Casual,Women,US 8.5,White,Leather,$60.00 ,28,$279.99,Genoa
524,Skechers,Go Run Mojo 2.0,Running,Men,US 9,Black,Mesh,$55.00 ,4,$149.99,Bari
525,Nike,Zoom Fly 3,Running,Women,US 9,Blue,Mesh,$160.00 ,83,$229.99,Bologna
526,Nike,Blazer Mid '77,Basketball,Men,US 11,White/Black,Leather,$100.00 ,56,$149.99,Genoa
527,Adidas,Yeezy Boost 350 V2,Lifestyle,Women,US 6.5,Cloud White,Primeknit,$220.00 ,92,$289.99,Bari
528,Reebok,Nano X1,CrossFit,Men,US 9.5,Black/White,Knit/Synthetic,$130.00 ,89,$229.99,Genoa
529,Converse,Jack Purcell,Casual,Women,US 8,Pink,Canvas,$65.00 ,99,$259.99,Rome
530,Puma,Calibrate,Running,Men,US 10,Grey/White,Mesh/Synthetic,$120.00 ,88,$199.99,Bologna
531,Vans,Sk8-Hi,Skate,Women,US 7,Black/White,Suede/Canvas,$70.00 ,82,$149.99,Genoa
532,New Balance,574,Casual,Men,US 12,Navy/Red,Suede/Mesh,$85.00 ,13,$129.99,Genoa
533,Asics,Gel-Quantum 90,Running,Women,US 7.5,Black/Gold,Mesh/Synthetic,$90.00 ,33,$219.99,Palermo
534,Fila,Original Fitness,Casual,Men,US 11,White/Navy/Red,Leather,$70.00 ,53,$269.99,Genoa
535,Skechers,Elite Flex,Walking,Women,US 9,Grey/Pink,Knit,$70.00 ,87,$289.99,Rome
536,Nike,Air Zoom Pegasus 38,Running,Men,US 10,Blue,Mesh/Synthetic,$120.00 ,96,$239.99,Genoa
537,Adidas,NMD_R1,Lifestyle,Women,US 8.5,Black/Pink,Knit,$140.00 ,21,$229.99,Rome
538,Reebok,Floatride Energy 3,Running,Men,US 8.5,White/Black,Knit/Synthetic,$100.00 ,97,$169.99,Naples
539,Converse,All Star Chuck 70,Skate,Women,US 9,Black,Canvas,$85.00 ,24,$129.99,Catania
540,Puma,Clyde All-Pro,Basketball,Men,US 9,Black/Yellow,Leather/Synthetic,$130.00 ,99,$189.99,Florence
541,Vans,Era,Skate,Women,US 8,Multi-color,Canvas,$55.00 ,38,$239.99,Palermo
542,New Balance,Fresh Foam 880v11,Running,Men,US 9.5,Grey,Mesh,$130.00 ,26,$219.99,Rome
543,Asics,Gel-Kayano 28,Running,Women,US 9,Black,Mesh,$160.00 ,63,$239.99,Milan
544,Fila,Trigate,Running,Men,US 10,Black/White,Mesh/Synthetic,$65.00 ,44,$189.99,Catania
545,Nike,React Infinity Run,Running,Men,US 9.5,Blue/Green,Mesh,$160.00 ,66,$289.99,Catania
546,Adidas,NMD_R1,Lifestyle,Women,US 8,White/Black,Primeknit,$140.00 ,40,$269.99,Genoa
547,Reebok,Nano 9,CrossFit,Men,US 10,Black,Synthetic/Textile,$130.00 ,17,$279.99,Rome
548,Converse,Jack Purcell,Casual,Women,US 7.5,White,Canvas,$65.00 ,5,$79.99,Catania
549,Puma,Calibrate Runner,Running,Men,US 11,Black/White,Mesh,$120.00 ,80,$289.99,Milan
550,Vans,Era,Skate,Women,US 7.5,Pink,Canvas,$50.00 ,85,$109.99,Bologna
551,New Balance,327,Casual,Men,US 8,Grey/Green,Suede/Mesh,$100.00 ,5,$219.99,Palermo
552,Asics,Gel-Quantum 180 5,Running,Women,US 9,Pink/Black,Mesh/Synthetic,$120.00 ,97,$229.99,Catania
553,Fila,D-Formation,Fashion,Men,US 9.5,White/Red,Leather/Synthetic,$70.00 ,43,$239.99,Genoa
554,Skechers,Max Cushioning Elite,Running,Women,US 6.5,Grey/Pink,Mesh,$90.00 ,16,$249.99,Turin
555,Nike,ZoomX Vaporfly Next%,Running,Men,US 10,Black/White,Mesh,$250.00 ,81,$259.99,Catania
556,Adidas,Yeezy Boost 350 V2,Fashion,Women,US 7.5,Cream White,Primeknit,$220.00 ,57,$289.99,Genoa
557,Reebok,Aztrek 96,Casual,Men,US 11.5,Black/White,Suede/Textile,$90.00 ,55,$279.99,Bari
558,Converse,Chuck 70,Casual,Women,US 6.5,Sunflower,Canvas,$85.00 ,75,$169.99,Rome
559,Puma,Future Rider,Lifestyle,Men,US 10,Blue/Red,Synthetic/Mesh,$80.00 ,35,$149.99,Bologna
560,Vans,Sk8-Hi,Skate,Women,US 8,Yellow,Canvas/Suede,$65.00 ,5,$249.99,Turin
561,New Balance,Fresh Foam More,Running,Men,US 9.5,Black/White,Mesh,$165.00 ,22,$239.99,Bologna
562,Asics,Gel-Kayano 28,Running,Women,US 7,White/Pink,Mesh,$160.00 ,81,$299.99,Bari
563,Fila,Venom,Fashion,Men,US 8.5,White/Red/Navy,Leather/Synthetic,$65.00 ,82,$199.99,Naples
564,Nike,Air Force 1 '07,Basketball,Men,US 11,White,Leather,$90.00 ,41,$259.99,Genoa
565,Adidas,NMD_R1,Lifestyle,Women,US 8,Pink,Primeknit,$130.00 ,76,$159.99,Rome
566,Reebok,Nano X1 Adventure,Training,Men,US 10.5,Grey,Flexweave,$130.00 ,3,$219.99,Florence
567,Converse,Jack Purcell Low Top,Casual,Women,US 7,White,Canvas,$65.00 ,17,$249.99,Palermo
568,Puma,Clyde All-Pro,Basketball,Men,US 12,Black/White,Leather/Synthetic,$130.00 ,48,$149.99,Florence
569,Vans,SK8-Hi,Skate,Women,US 7.5,Pink,Suede/Canvas,$65.00 ,59,$269.99,Milan
570,New Balance,327,Lifestyle,Men,US 9.5,Green,Suede/Mesh,$90.00 ,4,$169.99,Rome
571,Asics,Gel-Lyte III,Lifestyle,Women,US 9,Black/Grey,Leather/Suede,$110.00 ,81,$169.99,Milan
572,Fila,Original Fitness,Fashion,Men,US 9.5,White,Leather,$60.00 ,52,$149.99,Florence
573,Skechers,Max Cushioning Elite,Running,Women,US 7,Black,Mesh,$100.00 ,89,$119.99,Bari
574,Nike,Air Zoom Pegasus 38,Running,Men,US 10,Blue,Mesh,$120.00 ,71,$189.99,Florence
575,Adidas,Harden Vol. 5,Basketball,Women,US 8.5,Grey,Textile,$130.00 ,18,$229.99,Bologna
576,Reebok,DMX Trail Shadow,Running,Men,US 9,Orange,Synthetic/Mesh,$120.00 ,55,$209.99,Rome
577,Converse,Chuck 70 High Top,Casual,Men,US 11.5,Black,Canvas,$85.00 ,48,$169.99,Genoa
578,Puma,RS-X Hard Drive,Lifestyle,Women,US 6.5,Silver/White,Mesh/Synthetic,$120.00 ,17,$159.99,Naples
579,Vans,Era,Skate,Men,US 8.5,Red,Canvas,$50.00 ,27,$269.99,Catania
580,New Balance,Fresh Foam More v3,Running,Women,US 8,Black,Mesh/Synthetic,$165.00 ,78,$209.99,Bologna
581,Asics,Gel-Quantum 360 6,Running,Men,US 10.5,Black/Red,Mesh/Synthetic,$170.00 ,78,$289.99,Florence
582,Fila,Mindblower,Fashion,Women,US 7,Pink,Synthetic,$75.00 ,64,$189.99,Florence
583,Skechers,D'Lites Fresh Start,Walking,Men,US 12,White,Synthetic/Leather,$65.00 ,61,$129.99,Florence
584,Nike,Blazer Mid '77,Skate,Men,US 9,Black/White,Leather,$100.00 ,98,$219.99,Bologna
585,Adidas,Ultraboost DNA,Running,Women,US 8.5,Grey,Primeknit,$180.00 ,77,$209.99,Palermo
586,Reebok,Classic Nylon,Casual,Men,US 12,Navy,Nylon,$65.00 ,94,$209.99,Catania
587,Converse,Chuck 70,Casual,Women,US 6.5,Pink,Canvas,$85.00 ,99,$229.99,Bologna
588,Puma,Calibrate Runner,Running,Men,US 10,Black,Mesh,$90.00 ,44,$219.99,Palermo
589,Vans,Sk8-Hi,Skate,Women,US 7.5,Red,Canvas/Suede,$70.00 ,100,$199.99,Bari
590,New Balance,Fresh Foam More,Running,Men,US 9.5,Black,Mesh,$160.00 ,11,$239.99,Catania
591,Asics,Gel-Quantum 180,Running,Women,US 7.5,Blue,Mesh,$120.00 ,11,$179.99,Genoa
592,Fila,D-Formation,Fashion,Men,US 11,White,Leather,$70.00 ,29,$199.99,Naples
593,Skechers,Solar Fuse,Walking,Women,US 8,Grey,Mesh,$70.00 ,51,$229.99,Naples
594,Nike,Air Max 2090,Running,Men,US 10.5,Green,Mesh,$150.00 ,57,$289.99,Turin
595,Adidas,Adilette Shower,Slides,Women,US 6,Pink,Synthetic,$25.00 ,8,$219.99,Palermo
596,Reebok,Nano X1,Training,Men,US 11,Red,Mesh,$130.00 ,85,$169.99,Florence
597,Converse,Jack Purcell,Casual,Women,US 7.5,White,Canvas,$75.00 ,59,$269.99,Bologna
598,Puma,Suede Classic+,Casual,Men,US 8,Black,Suede,$65.00 ,24,$249.99,Genoa
599,Vans,Slip-On,Skate,Women,US 9,Checkerboard Black/White,Canvas,$50.00 ,90,$119.99,Bari
600,New Balance,FuelCell Rebel v2,Running,Men,US 8.5,Green,Mesh,$130.00 ,82,$289.99,Bari
601,Asics,Gel-Sonoma 6,Trail,Women,US 6.5,Grey,Mesh,$75.00 ,32,$89.99,Turin
602,Fila,Ray Tracer Evo,Fashion,Men,US 12,Black,Synthetic,$65.00 ,37,$229.99,Bologna
603,Skechers,Max Cushioning,Running,Women,US 8,Navy,Mesh,$85.00 ,78,$129.99,Palermo
604,Nike,React Infinity Run Flyknit,Running,Men,US 11,Blue,Flyknit,$160.00 ,68,$269.99,Bologna
605,Nike,Air Force 1 Low,Casual,Men,US 12,White,Leather,$90.00 ,14,$219.99,Palermo
606,Adidas,Yeezy Boost 350,Fashion,Women,US 8,Cream White,Primeknit,$220.00 ,33,$259.99,Genoa
607,Reebok,Nano 9,Training,Men,US 11,Black/Gum,Flexweave/Cushioning,$130.00 ,43,$279.99,Bari
608,Converse,Jack Purcell,Casual,Women,US 7.5,Egret/Black,Canvas,$65.00 ,4,$269.99,Genoa
609,Puma,Calibrate Runner,Running,Men,US 10.5,Grey,Mesh,$100.00 ,62,$199.99,Naples
610,Vans,Sk8-Hi,Skate,Women,US 9.5,Black/White,Canvas/Suede,$70.00 ,63,$199.99,Turin
611,New Balance,997H,Casual,Men,US 9.5,Black/Grey,Suede/Mesh,$89.99 ,2,$289.99,Milan
612,Asics,Gel-Cumulus 22,Running,Women,US 8,Pink,Mesh,$120.00 ,76,$149.99,Milan
613,Fila,Mindblower,Fashion,Men,US 8.5,White/Navy/Red,Synthetic/Leather,$75.00 ,8,$269.99,Catania
614,Skechers,Go Walk 5,Walking,Women,US 7,Black,Mesh,$60.00 ,43,$269.99,Rome
615,Nike,Blazer Low,Casual,Men,US 10,Black,Leather,$85.00 ,13,$179.99,Rome
616,Adidas,Ultraboost 6.0,Running,Women,US 7,Grey,Primeknit,$180.00 ,36,$219.99,Palermo
617,Reebok,Aztrek 96,Casual,Men,US 12,White/Black,Synthetic,$90.00 ,66,$189.99,Bologna
618,Converse,Pro Leather,Basketball,Women,US 8.5,White,Leather,$75.00 ,26,$139.99,Rome
619,Puma,Suede Classic,Casual,Men,US 9.5,Black/White,Suede,$65.00 ,7,$259.99,Catania
620,Vans,Era,Skate,Women,US 8,True White,Canvas,$50.00 ,15,$79.99,Genoa
621,New Balance,1500v6,Racing,Men,US 8,Orange,Mesh,$110.00 ,86,$169.99,Catania
622,Asics,Gel-Kayano 27,Running,Women,US 7,Grey,Mesh,$160.00 ,67,$189.99,Bologna
623,Fila,Original Fitness,Casual,Men,US 10.5,Black,Leather,$60.00 ,88,$109.99,Catania
624,Skechers,Go Run Mojo,Running,Women,US 9.5,Grey/Pink,Mesh,$60.00 ,59,$229.99,Bologna
625,Nike,Air Force 1,Casual,Men,US 10.5,White,Leather,$90.00 ,34,$299.99,Bari
626,Adidas,NMD_R1,Lifestyle,Women,US 8.5,Grey/Pink,Primeknit,$140.00 ,92,$259.99,Genoa
627,Reebok,Nano X1 Adventure,Training,Men,US 11,Black,Knit,$130.00 ,93,$209.99,Milan
628,Converse,Chuck 70,Casual,Women,US 7,Pink,Canvas,$85.00 ,90,$179.99,Bari
629,Puma,Cali Sport,Fashion,Women,US 6.5,White/Black,Leather,$80.00 ,41,$159.99,Rome
630,Vans,Sk8-Hi,Skate,Men,US 9.5,Blue/White,Suede/Canvas,$70.00 ,85,$189.99,Rome
631,New Balance,Fresh Foam More v3,Running,Women,US 7.5,Pink/White,Mesh,$165.00 ,92,$289.99,Rome
632,Asics,Gel-Cumulus 23,Running,Men,US 9.5,Black,Mesh,$120.00 ,12,$259.99,Bologna
633,Fila,Trail Blazer,Hiking,Women,US 9.5,Green,Suede/Leather,$70.00 ,64,$109.99,Catania
634,Skechers,Go Run Mojo Pep,Running,Men,US 8.5,Black,Mesh,$70.00 ,76,$229.99,Genoa
635,Nike,Air Zoom Pegasus 38,Running,Women,US 6.5,Blue/Pink,Mesh,$120.00 ,58,$269.99,Genoa
636,Adidas,Superstar,Casual,Men,US 11,White/Black,Leather,$80.00 ,35,$249.99,Palermo
637,Reebok,Classic Nylon,Casual,Women,US 8.5,Purple,Nylon,$65.00 ,43,$269.99,Rome
638,Converse,Jack Purcell,Casual,Men,US 9,White,Canvas,$70.00 ,90,$79.99,Catania
639,Puma,Suede Classic+,Casual,Women,US 7,Black,Suede,$65.00 ,85,$159.99,Turin
640,Vans,Era,Skate,Men,US 10.5,Black/White,Canvas,$55.00 ,100,$279.99,Milan
641,New Balance,574,Casual,Women,US 9,Grey/White,Suede/Mesh,$80.00 ,67,$139.99,Bari
642,Asics,Gel-Contend 7,Running,Men,US 10,Blue,Mesh,$70.00 ,3,$199.99,Milan
643,Fila,Trigate,Running,Women,US 7,Black/Pink,Synthetic/Mesh,$70.00 ,64,$259.99,Naples
644,Skechers,Flex Appeal 4.0,Training,Men,US 8.5,Grey/Orange,Knit,$70.00 ,57,$299.99,Bari
645,Nike,Air Force 1 Low,Casual,Men,US 9.5,White,Leather,$90.00 ,88,$199.99,Milan
646,Adidas,Yeezy Boost 350 V2,Lifestyle,Men,US 11,Cream White,Primeknit,$220.00 ,65,$249.99,Naples
647,Reebok,Aztrek,Retro,Women,US 7.5,Black/Gold/Red,Suede/Mesh,$90.00 ,3,$179.99,Genoa
648,Converse,Jack Purcell,Casual,Men,US 8,Navy,Canvas,$65.00 ,4,$249.99,Palermo
649,Puma,Calibrate Runner,Running,Women,US 8,Grey/White,Mesh,$80.00 ,91,$219.99,Rome
650,Vans,Era,Skate,Men,US 10,Black/White,Canvas,$55.00 ,93,$199.99,Bari
651,New Balance,327,Retro,Men,US 12,Grey/Orange,Suede/Mesh,$100.00 ,77,$129.99,Rome
652,Asics,Gel-Kayano 27,Running,Women,US 9.5,Blue/Pink,Mesh,$160.00 ,4,$169.99,Rome
653,Fila,D-Formation,Fashion,Men,US 9,Black,Leather/Synthetic,$65.00 ,62,$119.99,Milan
654,Skechers,Go Run Ride 8,Running,Women,US 7.5,Black/Pink,Mesh,$90.00 ,16,$99.99,Catania
655,Nike,React Infinity Run,Running,Men,US 11,Black,Mesh/Synthetic,$160.00 ,64,$269.99,Bari
656,Adidas,NMD_R1,Lifestyle,Women,US 8,Black/Grey,Primeknit,$130.00 ,6,$259.99,Palermo
657,Reebok,Club MEMT,Casual,Men,US 9.5,White/Grey,Leather,$65.00 ,22,$279.99,Naples
658,Converse,Chuck 70,Skate,Women,US 6.5,White,Canvas,$85.00 ,79,$179.99,Palermo
659,Puma,Clyde,Retro,Men,US 8,Red,Suede,$80.00 ,65,$119.99,Florence
660,Vans,Sk8-Hi,Skate,Women,US 7.5,Pink/White,Canvas,$65.00 ,17,$139.99,Bologna
661,New Balance,1080v10,Running,Men,US 10.5,Grey,Mesh,$150.00 ,37,$269.99,Genoa
662,Asics,Gel-Quantum 180,Running,Women,US 7.5,Black/White,Mesh,$140.00 ,35,$279.99,Naples
663,Fila,Original Fitness,Casual,Men,US 10,White/Navy/Red,Leather,$60.00 ,58,$69.99,Bologna
664,Skechers,Summits,Walking,Women,US 9,Black/Grey,Mesh,$60.00 ,76,$109.99,Turin
665,Nike,Air Force 1,Basketball,Men,US 11,White,Leather,$90.00 ,96,$189.99,Rome
666,Adidas,Yeezy Boost 350 V2,Lifestyle,Men,US 9,Natural,Primeknit,$220.00 ,68,$249.99,Bologna
667,Reebok,Legacy Lifter,Weightlifting,Men,US 10.5,Black,Synthetic,$150.00 ,50,$249.99,Turin
668,Converse,Jack Purcell,Casual,Women,US 7.5,White,Canvas,$75.00 ,11,$89.99,Palermo
669,Puma,Calibrate Runner,Running,Men,US 10,Grey,Mesh,$100.00 ,86,$169.99,Naples
670,Vans,Slip-On,Skate,Women,US 8.5,Checkered,Canvas,$50.00 ,5,$149.99,Milan
671,New Balance,327,Casual,Men,US 9,Navy/Red,Suede/Nylon,$100.00 ,31,$189.99,Bologna
672,Asics,Gel-Quantum 360 6,Running,Women,US 8.5,Pink,Mesh,$150.00 ,13,$199.99,Turin
673,Fila,Mindblower,Fashion,Men,US 11,White/Navy,Synthetic,$75.00 ,11,$269.99,Palermo
674,Skechers,Go Run Mojo,Running,Women,US 7.5,Black/Pink,Mesh,$65.00 ,87,$159.99,Milan
675,Nike,Zoom Fly 3,Running,Men,US 10,Black,Mesh,$160.00 ,25,$229.99,Milan
676,Adidas,Ultra Boost DNA,Running,Women,US 8.5,Grey,Primeknit,$180.00 ,82,$269.99,Milan
677,Reebok,Nano 9,Crossfit,Men,US 9.5,Grey/Black,Mesh,$130.00 ,79,$289.99,Milan
678,Converse,Pro Leather,Skate,Women,US 6,White,Leather,$75.00 ,41,$209.99,Turin
679,Puma,Clyde All-Pro,Basketball,Men,US 11.5,White/Black,Leather,$130.00 ,55,$269.99,Turin
680,Vans,Sk8-Hi,Skate,Men,US 8.5,Black/White,Suede/Canvas,$70.00 ,53,$129.99,Bologna
681,New Balance,574,Casual,Women,US 7.5,Burgundy,Suede/Leather,$80.00 ,13,$259.99,Florence
682,Asics,Gel-Cumulus 23,Running,Men,US 11.5,Black/Red,Mesh,$120.00 ,68,$169.99,Genoa
683,Fila,Original Fitness,Casual,Women,US 8.5,White/Navy,Leather,$65.00 ,67,$239.99,Bari
684,Skechers,Go Walk 5,Walking,Men,US 9,Charcoal,Mesh,$65.00 ,33,$99.99,Florence
685,Nike,Air Force 1,Casual,Men,US 8.5,White,Leather,$90.00 ,33,$259.99,Genoa
686,Adidas,Yeezy Boost 350,Lifestyle,Men,US 10,Grey,Primeknit,$220.00 ,29,$269.99,Naples
687,Reebok,Nano 9,Crossfit,Women,US 7,Black,Mesh,$130.00 ,14,$199.99,Genoa
688,Converse,All Star,Casual,Men,US 9,Red,Canvas,$55.00 ,92,$239.99,Rome
689,Puma,Clyde Court,Basketball,Men,US 11,Black,Mesh,$120.00 ,30,$159.99,Naples
690,Vans,Sk8-Hi,Skate,Women,US 7.5,Red,Suede,$65.00 ,64,$249.99,Palermo
691,New Balance,327,Lifestyle,Men,US 9,Green,Suede/Mesh,$90.00 ,26,$199.99,Naples
692,Asics,Gel-Kinsei OG,Running,Women,US 8.5,White,Mesh,$180.00 ,81,$249.99,Palermo
693,Fila,Mindblower,Fashion,Men,US 10,Blue,Synthetic,$75.00 ,84,$269.99,Bologna
694,Skechers,Go Walk 5,Walking,Women,US 8,Grey,Mesh,$60.00 ,92,$179.99,Rome
695,Nike,Zoom Pegasus 38,Running,Men,US 10,Black,Mesh,$120.00 ,59,$249.99,Bari
696,Adidas,NMD_R1,Lifestyle,Women,US 7.5,Black/Pink,Primeknit,$140.00 ,70,$149.99,Florence
697,Reebok,Aztrek 96,Casual,Men,US 11,Grey,Synthetic,$90.00 ,93,$279.99,Palermo
698,Converse,Pro Leather,Basketball,Women,US 8.5,White,Leather,$85.00 ,84,$129.99,Palermo
699,Puma,RS-X,Lifestyle,Men,US 9,Black,Leather,$110.00 ,89,$299.99,Turin
700,Vans,Era,Skate,Women,US 6.5,Black,Canvas,$50.00 ,27,$219.99,Catania
701,New Balance,FuelCell Rebel v2,Running,Women,US 9.5,Blue,Mesh,$130.00 ,42,$249.99,Palermo
702,Asics,Gel-Quantum 360 6,Running,Men,US 9,Black/Grey,Mesh,$180.00 ,64,$289.99,Milan
703,Fila,V94M Low,Fashion,Women,US 7,White/Pink,Leather,$75.00 ,65,$239.99,Turin
704,Skechers,Stamina,Training,Men,US 9,Black,Leather,$65.00 ,43,$139.99,Catania
705,Nike,SB Dunk Low,Skate,Men,US 9.5,Orange,Leather,$100.00 ,34,$159.99,Genoa
706,Nike,Air Force 1,Casual,Men,US 11,White/Black,Leather,$90.00 ,27,$119.99,Naples
707,Adidas,Yeezy Boost 350 V2,Fashion,Women,US 8.5,Cinder,Primeknit,$220.00 ,3,$249.99,Catania
708,Reebok,Zig Kinetica II,Running,Men,US 9.5,Black/White,Mesh/Synthetic,$120.00 ,82,$149.99,Catania
709,Converse,Jack Purcell,Casual,Women,US 7.5,Black/White,Canvas,$65.00 ,48,$269.99,Naples
710,Puma,Calibrate Runner,Running,Men,US 10,Grey,Mesh,$100.00 ,46,$189.99,Naples
711,Vans,Sk8-Hi,Skate,Women,US 6.5,Blue/White,Suede/Canvas,$70.00 ,68,$269.99,Genoa
712,New Balance,574 Classic,Casual,Men,US 9.5,Black/Yellow,Suede/Mesh,$80.00 ,38,$299.99,Genoa
713,Asics,Gel-Kayano Lite,Running,Women,US 8.5,Purple,Mesh/Synthetic,$120.00 ,6,$239.99,Catania
714,Fila,Trailblazer,Fashion,Men,US 10.5,Black/Gold,Leather/Suede,$75.00 ,78,$279.99,Genoa
715,Skechers,Uno Bold,Lifestyle,Women,US 7.5,Pink/White,Synthetic,$70.00 ,51,$249.99,Palermo
716,Nike,Air Max 2090,Running,Men,US 11.5,Black/White,Mesh/Synthetic,$150.00 ,71,$209.99,Genoa
717,Adidas,Ultra Boost DNA,Running,Women,US 8,Grey/White,Primeknit,$180.00 ,15,$279.99,Rome
718,Reebok,Classic Leather,Casual,Men,US 12,Navy/White,Leather,$75.00 ,7,$149.99,Florence
719,Converse,Chuck 70,Casual,Women,US 9,Red,Canvas,$85.00 ,62,$209.99,Milan
720,Puma,Suede Classic,Casual,Men,US 9.5,Red/White,Suede,$65.00 ,77,$239.99,Turin
721,Vans,Era,Skate,Women,US 7,Black/White,Canvas,$55.00 ,93,$209.99,Florence
722,New Balance,FuelCell Rebel v2,Running,Men,US 10.5,Blue/Yellow,Mesh,$100.00 ,70,$279.99,Catania
723,Asics,Gel-Quantum 360 6,Running,Women,US 7.5,White/Grey,Mesh/Synthetic,$180.00 ,34,$209.99,Milan
724,Fila,Strada,Fashion,Men,US 11,White/Red/Blue,Synthetic,$70.00 ,25,$109.99,Bologna
725,Nike,Air Force 1,Casual,Men,US 12,White,Leather,$90.00 ,93,$109.99,Genoa
726,Adidas,NMD_R1,Lifestyle,Women,US 7,Pink,Primeknit,$140.00 ,96,$199.99,Milan
727,Reebok,Nano X1,Training,Men,US 11,Black,Flexweave,$130.00 ,74,$209.99,Turin
728,Converse,Jack Purcell,Casual,Men,US 9,White,Canvas,$65.00 ,93,$119.99,Florence
729,Puma,Clyde All-Pro,Basketball,Men,US 10.5,Black,Leather,$130.00 ,36,$209.99,Milan
730,Vans,Sk8-Hi,Skate,Women,US 8,Black/White,Suede/Canvas,$65.00 ,15,$109.99,Florence
731,New Balance,327,Lifestyle,Men,US 9.5,Grey,Suede/Mesh,$90.00 ,63,$149.99,Rome
732,Asics,Gel-Quantum 360 6,Running,Women,US 8.5,Black/Pink,Mesh/Synthetic,$160.00 ,40,$179.99,Naples
733,Fila,Mindblower,Fashion,Men,US 10,White/Black,Leather/Synthetic,$75.00 ,68,$229.99,Florence
734,Skechers,Max Cushioning Elite,Running,Women,US 7,Grey/Pink,Mesh,$90.00 ,9,$179.99,Milan
735,Nike,ZoomX Invincible,Running,Men,US 10.5,Blue,Mesh,$180.00 ,21,$229.99,Bari
736,Adidas,Harden Vol. 5,Basketball,Women,US 8.5,Purple,Synthetic,$130.00 ,36,$259.99,Catania
737,Reebok,Classic Nylon,Casual,Men,US 12,Navy,Nylon,$60.00 ,71,$169.99,Genoa
738,Converse,Chuck 70,Casual,Women,US 7,Ivory,Canvas,$85.00 ,75,$159.99,Genoa
739,Puma,Suede Classic+,Casual,Men,US 8.5,Black/White,Suede,$65.00 ,19,$249.99,Milan
740,Vans,Era,Skate,Men,US 9.5,Red,Canvas,$50.00 ,91,$69.99,Turin
741,New Balance,FuelCell Prism,Running,Women,US 9.5,Black,Mesh,$90.00 ,75,$259.99,Naples
742,Asics,Gel-Excite 8,Running,Men,US 9,Grey/Black,Mesh,$75.00 ,48,$99.99,Catania
743,Fila,Spaghetti,Fashion,Women,US 7,White,Leather/Synthetic,$70.00 ,58,$299.99,Catania
744,Skechers,D'Lites Fresh Start,Walking,Men,US 10.5,Black,Leather,$60.00 ,99,$129.99,Milan
745,Nike,Air Force 1,Casual,Men,US 11,White,Leather,$90.00 ,57,$99.99,Milan
746,Adidas,NMD_R1,Lifestyle,Women,US 8,Black,Primeknit,$140.00 ,57,$219.99,Catania
747,Reebok,Nano 9,Training,Men,US 10.5,Red,Mesh,$130.00 ,75,$199.99,Turin
748,Converse,Jack Purcell,Casual,Women,US 7.5,White,Canvas,$65.00 ,42,$129.99,Bologna
749,Puma,Calibrate Runner,Running,Men,US 8.5,Black,Mesh,$90.00 ,70,$289.99,Naples
750,Vans,Sk8-Hi,Skate,Women,US 9,Purple,Suede/Canvas,$65.00 ,39,$279.99,Bologna
751,New Balance,Fresh Foam More v3,Running,Women,US 9,Grey,Mesh,$160.00 ,100,$189.99,Bari
752,Asics,Gel-Kahana 8,Running,Men,US 9.5,Blue,Mesh,$85.00 ,8,$239.99,Genoa
753,Fila,Tracer,Fashion,Women,US 7.5,White,Synthetic,$65.00 ,71,$279.99,Palermo
754,Skechers,Summits,Walking,Men,US 12,Black,Mesh,$65.00 ,5,$189.99,Florence
755,Nike,Epic React Flyknit,Running,Women,US 7.5,Grey,Flyknit,$150.00 ,41,$169.99,Bari
756,Adidas,Ultraboost 4.0,Running,Men,US 11,Black,Primeknit,$180.00 ,60,$229.99,Bari
757,Reebok,Legacy Lifter,Weightlifting,Men,US 9,White/Black,Synthetic,$200.00 ,4,$289.99,Genoa
758,Converse,All Star Pro BB,Basketball,Women,US 7,Green,Leather,$100.00 ,20,$189.99,Palermo
759,Puma,Cell Venom,Lifestyle,Men,US 10,Grey,Leather,$90.00 ,53,$179.99,Palermo
760,Vans,Slip-On,Casual,Women,US 6.5,Checkerboard,Canvas,$50.00 ,65,$169.99,Bologna
761,New Balance,574,Casual,Men,US 12,Burgundy,Suede/Mesh,$80.00 ,39,$249.99,Palermo
762,Asics,Gel-Quantum 360 6,Running,Women,US 8.5,Pink,Mesh,$150.00 ,47,$249.99,Bologna
763,Nike,Air Max 95,Running,Men,US 9,Grey,Leather/Synthetic,$170.00 ,43,$299.99,Bologna
764,Adidas,NMD_R1,Lifestyle,Women,US 7.5,Pink,Primeknit,$140.00 ,44,$279.99,Bari
765,Reebok,Nano X1,Training,Men,US 11,Black,Mesh,$130.00 ,12,$229.99,Naples
766,Converse,Jack Purcell,Casual,Men,US 8,White,Canvas,$65.00 ,100,$229.99,Naples
767,Puma,Calibrate Rest,Running,Women,US 8.5,Black,Mesh,$100.00 ,11,$109.99,Milan
768,Vans,SK8-Hi,Skate,Men,US 9.5,Red,Suede/Canvas,$70.00 ,8,$219.99,Naples
769,New Balance,327,Lifestyle,Women,US 6.5,Grey,Suede/Mesh,$100.00 ,33,$159.99,Turin
770,Asics,Gel-Quantum 360 6,Running,Men,US 10.5,Black,Mesh,$180.00 ,4,$259.99,Palermo
771,Fila,Original Fitness,Casual,Women,US 9,White,Leather,$70.00 ,20,$249.99,Bari
772,Skechers,Max Cushioning,Running,Men,US 10,Blue,Mesh,$90.00 ,60,$209.99,Naples
773,Nike,React Infinity Run Flyknit,Running,Women,US 8,Blue,Flyknit,$160.00 ,85,$249.99,Bari
774,Adidas,Yeezy Boost 350 V2,Lifestyle,Men,US 9,Cream White,Primeknit,$220.00 ,96,$279.99,Rome
775,Reebok,Classic Nylon,Casual,Women,US 7.5,Pink,Nylon,$65.00 ,81,$259.99,Naples
776,Converse,Chuck 70,Casual,Men,US 9,Black,Canvas,$85.00 ,53,$189.99,Genoa
777,Puma,Clyde All-Pro,Basketball,Women,US 7.5,White,Leather,$130.00 ,40,$219.99,Palermo
778,Vans,Era,Skate,Men,US 10,Black/White,Canvas,$55.00 ,32,$149.99,Bari
779,New Balance,574,Lifestyle,Women,US 8,Grey,Suede/Textile,$80.00 ,51,$99.99,Florence
780,Asics,Gel-Excite 8,Running,Men,US 9.5,Blue,Mesh,$70.00 ,44,$129.99,Palermo
781,Fila,F-13,Fashion,Men,US 11,Black,Leather,$65.00 ,24,$129.99,Palermo
782,Skechers,Go Walk 5,Walking,Women,US 6.5,Black,Mesh,$60.00 ,38,$79.99,Milan
783,Nike,Air Force 1,Casual,Men,US 8.5,White,Leather,$90.00 ,14,$129.99,Naples
784,Nike,Air Force 1,Casual,Men,US 9,White,Leather,$90.00 ,29,$239.99,Naples
785,Adidas,NMD_R1,Casual,Women,US 7,Black,Primeknit,$130.00 ,40,$239.99,Catania
786,Reebok,Zig Kinetica II,Running,Men,US 10,White,Mesh,$120.00 ,6,$289.99,Bologna
787,Converse,Jack Purcell,Casual,Women,US 8.5,Navy,Canvas,$75.00 ,91,$89.99,Florence
788,Puma,Calibrate Runner,Running,Men,US 9.5,Black,Mesh,$90.00 ,14,$289.99,Turin
789,Vans,Sk8-Hi,Skate,Men,US 8.5,Black/White,Suede/Canvas,$70.00 ,12,$229.99,Genoa
790,New Balance,FuelCell Rebel v2,Running,Women,US 8.5,Black/Pink,Mesh,$130.00 ,9,$279.99,Naples
791,Asics,Gel-Quantum 90,Running,Men,US 11,Grey,Mesh,$80.00 ,48,$259.99,Rome
792,Fila,Mindblower,Fashion,Women,US 7,White,Synthetic,$75.00 ,23,$209.99,Milan
793,Skechers,GOwalk 5,Walking,Men,US 9,Black,Mesh,$65.00 ,2,$129.99,Catania
794,Nike,Zoom Pegasus 38,Running,Women,US 8.5,Blue,Mesh,$120.00 ,57,$159.99,Milan
795,Adidas,Yeezy Boost 350 V2,Casual,Men,US 11,Cream White,Primeknit,$220.00 ,63,$229.99,Turin
796,Reebok,Classic Nylon,Casual,Women,US 7.5,Pink,Nylon,$65.00 ,99,$239.99,Florence
797,Converse,Chuck 70,Casual,Men,US 9,Red,Canvas,$85.00 ,97,$169.99,Rome
798,Puma,Suede Classic,Fashion,Women,US 6,Black,Suede,$65.00 ,98,$109.99,Milan
799,Vans,Era,Skate,Men,US 8,Grey,Canvas,$50.00 ,38,$79.99,Turin
800,New Balance,Fresh Foam Beacon v3,Running,Women,US 9,Grey,Mesh,$120.00 ,63,$129.99,Rome
801,Asics,Gel-Kayano 27,Running,Men,US 10,Black,Mesh,$160.00 ,31,$269.99,Rome
802,Fila,Disruptor III,Fashion,Women,US 8.5,White,Synthetic,$75.00 ,87,$259.99,Genoa
803,Skechers,Max Cushioning,Running,Men,US 9.5,Blue,Mesh,$90.00 ,19,$199.99,Rome
804,Nike,Air Max 90,Casual,Women,US 7.5,Green,Leather,$120.00 ,64,$239.99,Turin
805,Nike,Air Max 97,Running,Men,US 11,Silver,Synthetic/Leather,$170.00 ,8,$219.99,Bari
806,Adidas,Superstar,Casual,Women,US 8.5,White/Black,Leather,$80.00 ,3,$109.99,Florence
807,Reebok,Zig Kinetica II,Running,Men,US 9,Grey,Mesh,$120.00 ,78,$169.99,Bologna
808,Converse,Chuck 70,Casual,Men,US 12,Beige,Canvas,$85.00 ,31,$199.99,Bari
809,Puma,Calibrate Runner,Running,Women,US 7.5,Black/White,Mesh,$90.00 ,94,$259.99,Rome
810,Vans,Sk8-Hi,Skate,Men,US 9,Black/White,Suede/Canvas,$70.00 ,90,$169.99,Bologna
811,New Balance,574,Casual,Women,US 7.5,Grey,Suede,$80.00 ,49,$239.99,Genoa
812,Asics,Gel-Kayano 27,Running,Men,US 12,Black,Mesh,$160.00 ,88,$229.99,Bologna
813,Fila,Mindblower,Fashion,Women,US 9.5,Grey/Pink,Synthetic,$75.00 ,45,$169.99,Florence
814,Skechers,Summits - New World,Walking,Men,US 10,Black,Mesh,$59.00 ,18,$129.99,Bologna
815,Nike,Air Force 1,Casual,Women,US 8,White,Leather,$90.00 ,69,$289.99,Bari
816,Adidas,Adizero Adios 5,Running,Men,US 10.5,Blue,Mesh,$140.00 ,78,$159.99,Florence
817,Reebok,Nano 9,Training,Women,US 7,Black/White,Synthetic,$130.00 ,9,$269.99,Milan
818,Converse,Jack Purcell,Casual,Men,US 8.5,Navy,Canvas,$65.00 ,95,$139.99,Rome
819,Puma,Clyde All-Pro,Basketball,Women,US 7.5,White,Leather,$130.00 ,65,$229.99,Rome
820,Vans,Slip-On,Casual,Men,US 10,Black/White,Canvas,$50.00 ,82,$139.99,Naples
821,New Balance,FuelCell Propel V3,Running,Women,US 8.5,Pink/White,Mesh,$100.00 ,66,$109.99,Naples
822,Asics,Gel-Quantum 180,Running,Men,US 11.5,Black,Mesh,$120.00 ,80,$249.99,Turin
823,Fila,Ray Tracer Evo,Fashion,Women,US 8,White,Synthetic,$65.00 ,32,$99.99,Bari
824,Skechers,GOrun Razor Excess,Running,Men,US 9,Black/Yellow,Mesh,$125.00 ,39,$169.99,Palermo
825,Nike,Zoom Pegasus 38,Running,Women,US 7.5,Pink,Mesh,$120.00 ,80,$269.99,Rome
826,Nike,Blazer Mid '77,Casual,Men,US 10,White/Black,Leather,$100.00 ,40,$179.99,Bologna
827,Adidas,NMD_R1,Running,Women,US 7.5,Grey/Pink,Primeknit,$140.00 ,13,$239.99,Catania
828,Reebok,Nano 9,Crossfit,Men,US 11.5,Black,Mesh,$130.00 ,32,$289.99,Bologna
829,Converse,Jack Purcell,Casual,Women,US 8.5,White,Canvas,$65.00 ,36,$239.99,Florence
830,Puma,Calibrate Runner,Running,Men,US 9.5,Black/Yellow,Mesh,$120.00 ,52,$169.99,Genoa
831,Vans,SK8-Hi,Skate,Men,US 9,Black/White,Suede/Canvas,$65.00 ,19,$279.99,Turin
832,New Balance,327,Casual,Women,US 7.5,Purple,Suede/Leather,$100.00 ,100,$189.99,Naples
833,Asics,Gel-Cumulus 23,Running,Men,US 10,Blue/Black,Mesh,$120.00 ,51,$159.99,Rome
834,Fila,F-13,Casual,Women,US 9,White,Leather,$80.00 ,40,$109.99,Rome
835,Skechers,Go Walk 6,Walking,Men,US 10.5,Black/Grey,Mesh,$60.00 ,31,$69.99,Palermo
836,Nike,Air Force 1,Casual,Women,US 8,White,Leather,$90.00 ,56,$219.99,Palermo
837,Adidas,Superstar,Casual,Men,US 10,Black/White,Leather,$85.00 ,19,$249.99,Bologna
838,Reebok,Classic Nylon,Casual,Women,US 7,Pink,Nylon,$60.00 ,98,$89.99,Bari
839,Converse,Chuck 70,Casual,Men,US 11,Grey,Canvas,$85.00 ,99,$109.99,Florence
840,Puma,Clyde All-Pro,Basketball,Women,US 7.5,White,Leather,$130.00 ,31,$289.99,Bari
841,Vans,Slip-On,Casual,Men,US 8.5,Black/White,Canvas,$50.00 ,80,$89.99,Bologna
842,New Balance,574,Casual,Women,US 8.5,Navy,Suede/Leather,$80.00 ,66,$189.99,Naples
843,Asics,GT-2000 9,Running,Men,US 9.5,Black,Mesh,$120.00 ,92,$139.99,Florence
844,Fila,Grant Hill 2,Basketball,Women,US 8,White/Navy,Leather,$95.00 ,72,$129.99,Palermo
845,Skechers,Elite Flex,Walking,Men,US 9.5,Grey,Knit,$70.00 ,18,$139.99,Bari
846,Nike,Air Force 1,Casual,Men,US 9,White,Leather,$90.00 ,58,$189.99,Milan
847,Adidas,NMD_R1,Lifestyle,Women,US 7,Grey,Primeknit,$140.00 ,45,$159.99,Naples
848,Reebok,Nano X1,Training,Men,US 11.5,Black,Mesh,$130.00 ,53,$279.99,Palermo
849,Converse,Chuck 70,Casual,Women,US 8.5,Cream,Canvas,$85.00 ,5,$229.99,Milan
850,Puma,Suede Classic,Casual,Men,US 10.5,Black/White,Suede,$65.00 ,66,$249.99,Naples
851,Vans,Sk8-Hi,Skate,Men,US 8,Black/White,Canvas,$70.00 ,49,$149.99,Bologna
852,New Balance,327,Lifestyle,Women,US 8,White/Grey,Suede/Mesh,$90.00 ,87,$259.99,Milan
853,Asics,Gel-Quantum 90,Running,Men,US 10,Grey,Mesh,$80.00 ,88,$179.99,Palermo
854,Fila,Mindblower,Fashion,Women,US 7,Pink,Leather/Synthetic,$75.00 ,26,$269.99,Turin
855,Skechers,Max Cushioning,Walking,Men,US 9.5,Black,Mesh,$80.00 ,97,$179.99,Palermo
856,Nike,React Infinity Run Flyknit 2,Running,Women,US 6.5,Pink,Flyknit,$160.00 ,27,$269.99,Florence
857,Adidas,Ultraboost DNA,Running,Men,US 9.5,White,Primeknit,$180.00 ,52,$249.99,Rome
858,Reebok,Zig Kinetica II,Running,Women,US 8,Blue,Mesh,$120.00 ,34,$279.99,Florence
859,Converse,Jack Purcell,Casual,Men,US 9,White,Canvas,$65.00 ,34,$239.99,Bari
860,Puma,Calibrate Runner,Running,Women,US 7,Grey,Mesh,$90.00 ,94,$109.99,Catania
861,Vans,Era,Skate,Men,US 10,Black,Canvas,$50.00 ,49,$149.99,Genoa
862,New Balance,Fresh Foam Hierro v6,Trail Running,Men,US 11.5,Green,Synthetic/Mesh,$135.00 ,34,$279.99,Turin
863,Asics,Gel-Kayano 27,Running,Women,US 8.5,Blue,Mesh,$160.00 ,84,$269.99,Naples
864,Fila,Ray Tracer Evo,Fashion,Men,US 11,Black/White,Synthetic,$75.00 ,1,$219.99,Milan
865,Skechers,Go Run Mojo,Running,Women,US 7.5,Black,Mesh,$60.00 ,56,$219.99,Bari
866,Nike,Air Force 1,Casual,Men,US 11,White,Leather,$90.00 ,79,$199.99,Palermo
867,Adidas,NMD_R1,Running,Women,US 7,Pink,Primeknit,$130.00 ,68,$289.99,Milan
868,Reebok,Nano 9,Training,Men,US 10.5,Black,Mesh,$130.00 ,35,$169.99,Naples
869,Converse,Jack Purcell,Casual,Women,US 8.5,White,Canvas,$65.00 ,17,$289.99,Florence
870,Puma,Clyde All-Pro,Basketball,Men,US 9,Black,Leather,$130.00 ,21,$159.99,Rome
871,Vans,Sk8-Hi,Skate,Women,US 7.5,Black/White,Suede/Canvas,$70.00 ,4,$259.99,Genoa
872,New Balance,327,Casual,Men,US 9,Navy,Suede/Mesh,$100.00 ,10,$259.99,Rome
873,Asics,Gel-Kinsei OG,Running,Women,US 7,White,Mesh,$180.00 ,12,$209.99,Milan
874,Fila,Venom,Fashion,Men,US 11,Grey,Synthetic,$75.00 ,47,$299.99,Bari
875,Skechers,GOrun 7+,Running,Women,US 8,Black/Pink,Mesh,$95.00 ,60,$229.99,Naples
876,Nike,Blazer Mid '77,Casual,Men,US 12,White,Leather,$100.00 ,11,$159.99,Bari
877,Adidas,Ultraboost DNA,Running,Women,US 6,Blue,Primeknit,$180.00 ,27,$279.99,Bologna
878,Reebok,Classic Nylon,Casual,Men,US 9.5,Black,Nylon,$65.00 ,46,$109.99,Palermo
879,Converse,Chuck 70,Casual,Women,US 9,Cream,Canvas,$85.00 ,53,$119.99,Palermo
880,Puma,Calibrate Runner,Running,Men,US 10,Black/Yellow,Mesh,$120.00 ,64,$259.99,Bari
881,Vans,Era,Skate,Women,US 6.5,Red,Canvas,$50.00 ,49,$299.99,Genoa
882,New Balance,FuelCell Rebel V2,Running,Men,US 11,Black/Yellow,Mesh,$110.00 ,61,$169.99,Milan
883,Asics,Gel-Venture 8,Trail Running,Women,US 8,Grey,Mesh,$70.00 ,70,$159.99,Bari
884,Fila,Original Fitness,Casual,Men,US 10,White,Leather,$70.00 ,95,$239.99,Turin
885,Skechers,Max Cushioning Premier,Walking,Women,US 7,Grey,Mesh,$80.00 ,33,$109.99,Bologna
886,Nike,React Infinity Run Flyknit,Running,Men,US 10.5,Blue,Flyknit,$160.00 ,75,$209.99,Rome
887,Nike,React Infinity Run Flyknit,Running,Women,US 7,Black,Flyknit,$160.00 ,42,$279.99,Genoa
888,Adidas,Superstar,Casual,Men,US 10.5,White/Gold,Leather/Synthetic,$85.00 ,79,$129.99,Naples
889,Reebok,Nano X1,Training,Women,US 8.5,Pink,Flexweave/Synthetic,$130.00 ,61,$219.99,Bari
890,Converse,Chuck 70,Casual,Men,US 11.5,Yellow,Canvas,$85.00 ,87,$219.99,Rome
891,Puma,Calibrate Runner,Running,Women,US 9,Grey,Mesh,$80.00 ,81,$129.99,Florence
892,Vans,Sk8-Hi,Skate,Men,US 9,Black/White,Canvas/Suede,$65.00 ,29,$79.99,Florence
893,New Balance,327,Lifestyle,Women,US 7,Blue,Suede/Mesh,$90.00 ,80,$179.99,Milan
894,Asics,Gel-Quantum 90,Running,Men,US 9,Black/White,Mesh/Synthetic,$80.00 ,19,$189.99,Bologna
895,Fila,Mindblower,Fashion,Women,US 8,Pink,Leather/Synthetic,$70.00 ,64,$199.99,Catania
896,Skechers,Go Run Mojo,Running,Men,US 8,Black,Mesh,$60.00 ,71,$129.99,Rome
897,Nike,Air Force 1,Casual,Women,US 8.5,White,Leather,$90.00 ,7,$219.99,Genoa
898,Adidas,NMD_R1,Casual,Men,US 9.5,Black/White,Mesh,$130.00 ,67,$259.99,Turin
899,Reebok,Floatride Energy 3,Running,Women,US 6.5,Black,Mesh,$100.00 ,22,$189.99,Florence
900,Converse,All Star Pro BB,Basketball,Men,US 12,Red,Leather/Synthetic,$120.00 ,38,$209.99,Turin
901,Puma,RS-2K,Lifestyle,Women,US 7.5,White,Leather/Synthetic,$110.00 ,44,$219.99,Palermo
902,Vans,Era,Skate,Men,US 8,Navy,Canvas,$50.00 ,73,$289.99,Milan
903,New Balance,FuelCell Rebel v2,Running,Women,US 8.5,Pink,Mesh/Synthetic,$130.00 ,3,$289.99,Rome
904,Asics,Gel-Kayano 27,Running,Men,US 10,Black,Mesh/Synthetic,$160.00 ,25,$179.99,Palermo
905,Fila,Trigate,Fashion,Women,US 9,Black,Leather/Synthetic,$65.00 ,44,$89.99,Catania
906,Skechers,Go Walk 6,Walking,Men,US 9.5,Black,Mesh,$60.00 ,50,$189.99,Palermo
907,Nike,Air Force 1 '07,Casual,Men,US 11,White,Leather,$90.00 ,65,$249.99,Milan
908,Adidas,NMD_R1,Lifestyle,Women,US 8,Pink/White,Primeknit,$130.00 ,82,$239.99,Florence
909,Reebok,Nano X,Crossfit,Men,US 10.5,Black,Synthetic,$130.00 ,76,$179.99,Palermo
910,Converse,Chuck 70 High Top,Casual,Men,US 9.5,Black/White,Canvas,$85.00 ,95,$259.99,Naples
911,Puma,Calibrate Runner,Running,Women,US 9,Blue/White,Mesh,$90.00 ,78,$229.99,Turin
912,Vans,Sk8-Hi,Skate,Men,US 10,Black/White,Suede/Canvas,$70.00 ,38,$149.99,Genoa
913,New Balance,327,Lifestyle,Women,US 7.5,Green,Suede/Nylon,$90.00 ,94,$179.99,Bari
914,Asics,Gel-Kayano 27,Running,Men,US 9.5,Grey,Mesh,$160.00 ,62,$199.99,Catania
915,Fila,Mindblower,Fashion,Women,US 7.5,White/Blue,Leather/Synthetic,$75.00 ,62,$129.99,Bologna
916,Skechers,Elite Flex Wasick,Training,Men,US 8,Navy,Mesh,$65.00 ,84,$139.99,Florence
917,Nike,Air Zoom Pegasus 38,Running,Women,US 6.5,Grey/Pink,Mesh,$120.00 ,40,$239.99,Palermo
918,Adidas,Ultraboost DNA,Running,Men,US 11.5,Black/White,Primeknit,$180.00 ,85,$199.99,Bologna
919,Reebok,Club C Revenge,Casual,Women,US 8.5,Pink/White,Leather,$80.00 ,54,$139.99,Bologna
920,Converse,Jack Purcell,Casual,Men,US 9,Navy,Canvas,$65.00 ,32,$239.99,Bologna
921,Puma,Clyde All-Pro,Basketball,Women,US 7,Black/White,Leather,$130.00 ,51,$159.99,Naples
922,Vans,Era,Skate,Men,US 9.5,Red,Canvas,$50.00 ,82,$249.99,Milan
923,New Balance,FuelCell Propel V3,Running,Women,US 8.5,Black,Mesh,$90.00 ,82,$269.99,Genoa
924,Asics,Gel-Nimbus Lite 2,Running,Men,US 10,Black,Mesh,$150.00 ,70,$299.99,Turin
925,Fila,V94M,Fashion,Women,US 8.5,White/Blue,Leather/Synthetic,$75.00 ,31,$209.99,Florence
926,Nike,Air Force 1 '07,Casual,Men,US 11,White,Leather,$90.00 ,66,$189.99,Palermo
927,Adidas,NMD_R1,Lifestyle,Women,US 8,Pink/White,Primeknit,$130.00 ,69,$219.99,Milan
928,Reebok,Nano X,Crossfit,Men,US 10.5,Black,Synthetic,$130.00 ,21,$249.99,Catania
929,Converse,Chuck 70 High Top,Casual,Men,US 9.5,Black/White,Canvas,$85.00 ,1,$279.99,Bologna
930,Puma,Calibrate Runner,Running,Women,US 9,Blue/White,Mesh,$90.00 ,48,$159.99,Florence
931,Vans,Sk8-Hi,Skate,Men,US 10,Black/White,Suede/Canvas,$70.00 ,27,$159.99,Palermo
932,New Balance,327,Lifestyle,Women,US 7.5,Green,Suede/Nylon,$90.00 ,86,$269.99,Naples
933,Asics,Gel-Kayano 27,Running,Men,US 9.5,Grey,Mesh,$160.00 ,37,$289.99,Catania
934,Fila,Mindblower,Fashion,Women,US 7.5,White/Blue,Leather/Synthetic,$75.00 ,41,$89.99,Florence
935,Skechers,Elite Flex Wasick,Training,Men,US 8,Navy,Mesh,$65.00 ,38,$249.99,Turin
936,Nike,Air Zoom Pegasus 38,Running,Women,US 6.5,Grey/Pink,Mesh,$120.00 ,84,$249.99,Palermo
937,Adidas,Ultraboost DNA,Running,Men,US 11.5,Black/White,Primeknit,$180.00 ,51,$229.99,Catania
938,Reebok,Club C Revenge,Casual,Women,US 8.5,Pink/White,Leather,$80.00 ,33,$129.99,Florence
939,Converse,Jack Purcell,Casual,Men,US 9,Navy,Canvas,$65.00 ,85,$129.99,Bari
940,Puma,Clyde All-Pro,Basketball,Women,US 7,Black/White,Leather,$130.00 ,76,$159.99,Naples
941,Vans,Era,Skate,Men,US 9.5,Red,Canvas,$50.00 ,28,$269.99,Rome
942,New Balance,FuelCell Propel V3,Running,Women,US 8.5,Black,Mesh,$90.00 ,9,$189.99,Turin
943,Asics,Gel-Nimbus Lite 2,Running,Men,US 10,Black,Mesh,$150.00 ,94,$249.99,Bologna
944,Fila,V94M,Fashion,Women,US 8.5,White/Blue,Leather/Synthetic,$75.00 ,26,$129.99,Florence
945,Nike,Air Force 1,Casual,Men,US 11,White,Leather,$90.00 ,71,$289.99,Naples
946,Adidas,NMD_R1,Lifestyle,Women,US 7.5,Pink,Primeknit,$130.00 ,53,$149.99,Palermo
947,Reebok,Nano X1,Crossfit,Men,US 9.5,Grey,Knit,$130.00 ,58,$269.99,Milan
948,Converse,Chuck 70,Casual,Women,US 9.5,Black,Canvas,$85.00 ,33,$249.99,Turin
949,Puma,Calibrate,Running,Men,US 10,Grey,Mesh,$120.00 ,89,$229.99,Bari
950,Vans,SK8-Hi,Skate,Men,US 8,Red/White,Suede/Canvas,$70.00 ,74,$119.99,Bari
951,New Balance,327,Lifestyle,Women,US 6.5,Purple,Suede/Mesh,$100.00 ,100,$259.99,Florence
952,Asics,Gel-Quantum 180,Running,Men,US 11.5,Black,Mesh,$120.00 ,47,$229.99,Naples
953,Fila,Trailblazer,Fashion,Women,US 8,Brown,Leather,$75.00 ,38,$249.99,Bari
954,Skechers,Max Cushioning,Running,Women,US 7.5,Navy,Mesh,$90.00 ,38,$229.99,Genoa
955,Nike,Air Zoom Pegasus 38,Running,Men,US 9.5,Blue,Mesh,$120.00 ,79,$269.99,Palermo
956,Adidas,Superstar,Casual,Women,US 8.5,White/Black,Leather,$85.00 ,6,$199.99,Palermo
957,Reebok,Classic Nylon,Casual,Men,US 10,Grey,Nylon,$65.00 ,72,$159.99,Genoa
958,Converse,Jack Purcell,Casual,Men,US 9.5,White,Canvas,$65.00 ,35,$109.99,Naples
959,Puma,RS-2K,Lifestyle,Women,US 7.5,Black,Mesh/Suede,$110.00 ,85,$259.99,Genoa
960,Vans,Slip-On,Skate,Men,US 9,Black/White,Canvas,$50.00 ,40,$199.99,Milan
961,New Balance,FuelCell Rebel v2,Running,Women,US 9,Green/Black,Mesh,$130.00 ,53,$239.99,Rome
962,Asics,Gel-Kayano Lite,Running,Men,US 9,Grey,Mesh,$160.00 ,29,$249.99,Catania
963,Fila,Mindblower,Fashion,Women,US 7.5,White,Leather,$75.00 ,41,$279.99,Milan
964,Skechers,D'Lites,Walking,Men,US 11,White,Leather,$65.00 ,81,$219.99,Catania
965,Nike,Air Max 97,Running,Women,US 8,Silver,Leather/Synthetic,$170.00 ,17,$279.99,Catania
966,Nike,Air Force 1,Lifestyle,Men,US 11,White,Leather,$90.00 ,95,$269.99,Florence
967,Adidas,Yeezy Boost 350,Lifestyle,Women,US 8.5,Clay Brown,Primeknit,$220.00 ,82,$259.99,Palermo
968,Reebok,Nano X,Training,Men,US 9.5,Black/Red,Synthetic/Mesh,$130.00 ,19,$279.99,Catania
969,Converse,Chuck 70,Casual,Women,US 7,Natural Ivory,Canvas,$85.00 ,20,$169.99,Florence
970,Puma,Cali Sport,Lifestyle,Men,US 10,Black/White,Leather/Synthetic,$80.00 ,93,$109.99,Turin
971,Vans,Sk8-Hi,Skate,Women,US 9,Red/White,Suede/Canvas,$70.00 ,75,$229.99,Florence
972,New Balance,FuelCell Rebel v2,Running,Men,US 8.5,Blue/Orange,Mesh,$130.00 ,64,$269.99,Rome
973,Asics,Gel-Cumulus 23,Running,Women,US 7.5,White/Black,Mesh,$120.00 ,47,$289.99,Florence
974,Fila,D-Formation,Fashion,Men,US 11,White/Navy,Leather/Synthetic,$65.00 ,54,$129.99,Bari
975,Skechers,Max Cushioning Premier,Running,Women,US 6.5,Black/White,Mesh,$90.00 ,70,$179.99,Milan
976,Nike,Air Zoom Pegasus 38,Running,Men,US 12,Black,Mesh,$120.00 ,64,$209.99,Florence
977,Adidas,Superstar,Casual,Women,US 7.5,Cloud White,Leather,$80.00 ,12,$249.99,Milan
978,Reebok,Classic Nylon,Casual,Men,US 10.5,Collegiate Navy,Nylon/Suede,$65.00 ,48,$229.99,Rome
979,Converse,Jack Purcell,Casual,Women,US 8,Black/White,Canvas,$65.00 ,4,$139.99,Genoa
980,Puma,Suede Classic,Lifestyle,Men,US 8.5,Black/White,Suede,$65.00 ,91,$269.99,Genoa
981,Vans,Era,Skate,Women,US 6,Black/White,Canvas,$50.00 ,50,$269.99,Bologna
982,New Balance,Fresh Foam Hierro v6,Trail,Men,US 10,Black/Red,Mesh/Synthetic,$135.00 ,91,$209.99,Rome
983,Asics,Gel-Excite 8,Running,Women,US 9,Black,Mesh,$75.00 ,49,$269.99,Rome
984,Fila,Mindblower,Fashion,Men,US 12,White/Navy/Red,Synthetic/Leather,$65.00 ,71,$99.99,Genoa
985,Nike,Air Force 1,Casual,Men,US 9,White,Leather,$90.00 ,33,$229.99,Naples
986,Adidas,NMD_R1,Lifestyle,Women,US 8,Black,Primeknit,$140.00 ,8,$269.99,Naples
987,Reebok,Nano X,Crossfit,Men,US 10.5,Black,Mesh,$130.00 ,59,$299.99,Rome
988,Converse,Jack Purcell,Casual,Men,US 8.5,White,Canvas,$70.00 ,19,$209.99,Bari
989,Puma,Calibrate Runner,Running,Women,US 7,Grey,Mesh,$80.00 ,16,$299.99,Turin
990,Vans,Sk8-Hi,Skate,Men,US 10.5,Black/White,Canvas/Suede,$70.00 ,40,$219.99,Catania
991,New Balance,FuelCell Rebel v2,Running,Women,US 9,White/Green,Mesh,$130.00 ,90,$289.99,Turin
992,Asics,Gel-Quantum 360 6,Running,Men,US 9.5,Blue,Mesh,$150.00 ,95,$179.99,Florence
993,Fila,Mindblower,Fashion,Women,US 8.5,Pink,Leather,$80.00 ,48,$219.99,Florence
994,Skechers,Go Walk 5,Walking,Men,US 11,Black,Mesh,$65.00 ,73,$199.99,Genoa
995,Nike,React Infinity Run Flyknit 2,Running,Women,US 8.5,Pink,Flyknit,$160.00 ,79,$219.99,Palermo
996,Adidas,Ultraboost DNA,Running,Men,US 8.5,White,Primeknit,$180.00 ,19,$279.99,Bari
997,Reebok,Aztrek 96,Casual,Women,US 7.5,Yellow,Leather/Synthetic,$90.00 ,17,$279.99,Genoa
998,Converse,Chuck 70,Casual,Men,US 7,Red,Canvas,$85.00 ,39,$279.99,Genoa
999,Puma,Mirage Sport,Lifestyle,Women,US 6,Pink,Leather,$90.00 ,35,$209.99,Florence
1000,Vans,Era,Skate,Men,US 9.5,Black/White,Canvas,$50.00 ,37,$89.99,Bari
1001,New Balance,Fresh Foam 880v11,Running,Women,US 10,Grey,Mesh,$130.00 ,74,$199.99,Genoa
1002,Asics,Gel-Kayano Lite,Running,Men,US 9.5,Black,Mesh,$160.00 ,22,$279.99,Turin
1003,Fila,Venom 94,Fashion,Women,US 7.5,White,Leather,$70.00 ,4,$99.99,Milan
1004,Skechers,Summits,Training,Men,US 8,Grey,Mesh,$55.00 ,51,$189.99,Bologna
1005,Nike,Air Max 97,Running,Women,US 7.5,Silver,Leather,$170.00 ,5,$199.99,Genoa
